brands,naics_code,top_category,sub_category
& Other Stories,448120,Clothing Stores,Women's Clothing Stores
&pizza,722511,Restaurants and Other Eating Places,Full-Service Restaurants
1-800-Flowers,453110,Florists,Florists
10 Spot/MadRag,448120,Clothing Stores,Women's Clothing Stores
110 Grill,722511,Restaurants and Other Eating Places,Full-Service Restaurants
16 Handles,722515,Restaurants and Other Eating Places,Snack and Nonalcoholic Beverage Bars
24 Hour Fitness,713940,Other Amusement and Recreation Industries,Fitness and Recreational Sports Centers
2nd Wind Exercise Equipment,451110,"Sporting Goods, Hobby, and Musical Instrument Stores",Sporting Goods Stores
5 Napkin Burger,722511,Restaurants and Other Eating Places,Full-Service Restaurants
5 Star Nutrition,446191,Health and Personal Care Stores,Food (Health) Supplement Stores
5.11 Tactical,451110,"Sporting Goods, Hobby, and Musical Instrument Stores",Sporting Goods Stores
7 For All Mankind,448140,Clothing Stores,Family Clothing Stores
7-Eleven,445120,Grocery Stores,Convenience Stores
76,447110,Gasoline Stations,Gasoline Stations with Convenience Stores
800 Degrees Woodfired Kitchen,722511,Restaurants and Other Eating Places,Full-Service Restaurants
99 Restaurants,722511,Restaurants and Other Eating Places,Full-Service Restaurants
9Round,713940,Other Amusement and Recreation Industries,Fitness and Recreational Sports Centers
A&A Beauty Supply,446120,Health and Personal Care Stores,"Cosmetics, Beauty Supplies, and Perfume Stores"
A&W Restaurants,722511,Restaurants and Other Eating Places,Full-Service Restaurants
A.C. Moore,453998,Other Miscellaneous Store Retailers,All Other Miscellaneous Store Retailers (except Tobacco Stores)
A.P.C. Store,446120,Health and Personal Care Stores,"Cosmetics, Beauty Supplies, and Perfume Stores"
ACME Sav-on Pharmacy,446110,Health and Personal Care Stores,Pharmacies and Drug Stores
AG Jeans,448140,Clothing Stores,Family Clothing Stores
ALDI,445110,Grocery Stores,Supermarkets and Other Grocery (except Convenience) Stores
ALDO,448210,Shoe Stores,Shoe Stores
AMC Entertainment,512131,Motion Picture and Video Industries,Motion Picture Theaters (except Drive-Ins)
AMF,713950,Other Amusement and Recreation Industries,Bowling Centers
ASICS,448210,Shoe Stores,Shoe Stores
Aaron's,532289,Consumer Goods Rental,All Other Consumer Goods Rental
Abbott's Frozen Custard,722515,Restaurants and Other Eating Places,Snack and Nonalcoholic Beverage Bars
Abercrombie,448140,Clothing Stores,Family Clothing Stores
Acme Markets,445110,Grocery Stores,Supermarkets and Other Grocery (except Convenience) Stores
Acorn Markets,445110,Grocery Stores,Supermarkets and Other Grocery (except Convenience) Stores
Adam's Hometown Market,445110,Grocery Stores,Supermarkets and Other Grocery (except Convenience) Stores
Adidas,448210,Shoe Stores,Shoe Stores
Adult Mart,453998,Other Miscellaneous Store Retailers,All Other Miscellaneous Store Retailers (except Tobacco Stores)
Adventure Landing,713110,Amusement Parks and Arcades,Amusement and Theme Parks
Aesop,446120,Health and Personal Care Stores,"Cosmetics, Beauty Supplies, and Perfume Stores"
Against All Odds,451110,"Sporting Goods, Hobby, and Musical Instrument Stores",Sporting Goods Stores
Agent Provocateur,448190,Clothing Stores,Other Clothing Stores
Alamo Drafthouse Cinema,512131,Motion Picture and Video Industries,Motion Picture Theaters (except Drive-Ins)
Alex and Ani,448310,"Jewelry, Luggage, and Leather Goods Stores",Jewelry Stores
Alexander McQueen,448140,Clothing Stores,Family Clothing Stores
Alice and Olivia,448120,Clothing Stores,Women's Clothing Stores
AllSaints,448140,Clothing Stores,Family Clothing Stores
Allen Edmonds,448210,Shoe Stores,Shoe Stores
Alltown Fresh,447110,Gasoline Stations,Gasoline Stations with Convenience Stores
Alo Yoga,448190,Clothing Stores,Other Clothing Stores
Altitude Trampoline Parks,713990,Other Amusement and Recreation Industries,All Other Amusement and Recreation Industries
Alton Lane,448110,Clothing Stores,Men's Clothing Stores
Amazon Books,451211,Book Stores and News Dealers,Book Stores
Amazon Go,722513,Restaurants and Other Eating Places,Limited-Service Restaurants
America's Food Basket,445110,Grocery Stores,Supermarkets and Other Grocery (except Convenience) Stores
American Eagle Outfitters,448140,Clothing Stores,Family Clothing Stores
American Girl,451120,"Sporting Goods, Hobby, and Musical Instrument Stores","Hobby, Toy, and Game Stores"
Amorino Gelato,722511,Restaurants and Other Eating Places,Full-Service Restaurants
Ample Hills Creamery,722513,Restaurants and Other Eating Places,Limited-Service Restaurants
Anderson's Frozen Custard,722515,Restaurants and Other Eating Places,Snack and Nonalcoholic Beverage Bars
Angelika Film Center,512131,Motion Picture and Video Industries,Motion Picture Theaters (except Drive-Ins)
Ann Taylor,448120,Clothing Stores,Women's Clothing Stores
Annie Sez,448140,Clothing Stores,Family Clothing Stores
Anthony Vince Nail Spa,812113,Personal Care Services,Nail Salons
Anthony's Coal Fired Pizza,722511,Restaurants and Other Eating Places,Full-Service Restaurants
Anthropologie,448120,Clothing Stores,Women's Clothing Stores
Anytime Fitness,713940,Other Amusement and Recreation Industries,Fitness and Recreational Sports Centers
Applebee's,722511,Restaurants and Other Eating Places,Full-Service Restaurants
Apricot Lane,448120,Clothing Stores,Women's Clothing Stores
Arby's,722513,Restaurants and Other Eating Places,Limited-Service Restaurants
Aritaum,446120,Health and Personal Care Stores,"Cosmetics, Beauty Supplies, and Perfume Stores"
Aritzia,448120,Clothing Stores,Women's Clothing Stores
Armani Exchange (A/X),448140,Clothing Stores,Family Clothing Stores
Artichoke Pizza,722511,Restaurants and Other Eating Places,Full-Service Restaurants
Artist & Craftsman Supply,451130,"Sporting Goods, Hobby, and Musical Instrument Stores","Sewing, Needlework, and Piece Goods Stores"
Ashley Stewart,448120,Clothing Stores,Women's Clothing Stores
Aspen Athletic Clubs,713940,Other Amusement and Recreation Industries,Fitness and Recreational Sports Centers
Associated Supermarkets,445110,Grocery Stores,Supermarkets and Other Grocery (except Convenience) Stores
Athleta,448140,Clothing Stores,Family Clothing Stores
Atlantis Fresh Market,447110,Gasoline Stations,Gasoline Stations with Convenience Stores
Atomic Wings,722511,Restaurants and Other Eating Places,Full-Service Restaurants
Au Bon Pain,722513,Restaurants and Other Eating Places,Limited-Service Restaurants
Audibel,453998,Other Miscellaneous Store Retailers,All Other Miscellaneous Store Retailers (except Tobacco Stores)
Auntie Anne's,722515,Restaurants and Other Eating Places,Snack and Nonalcoholic Beverage Bars
Avenue,448190,Clothing Stores,Other Clothing Stores
Avita Pharmacy,446110,Health and Personal Care Stores,Pharmacies and Drug Stores
Away,448320,"Jewelry, Luggage, and Leather Goods Stores",Luggage and Leather Goods Stores
Aéropostale,448140,Clothing Stores,Family Clothing Stores
B.GOOD,722513,Restaurants and Other Eating Places,Limited-Service Restaurants
BCBG,448120,Clothing Stores,Women's Clothing Stores
BCBGeneration,448120,Clothing Stores,Women's Clothing Stores
BHLDN,448190,Clothing Stores,Other Clothing Stores
BJ's Restaurants,722511,Restaurants and Other Eating Places,Full-Service Restaurants
BJ's Wholesale Club,452311,"General Merchandise Stores, including Warehouse Clubs and Supercenters",Warehouse Clubs and Supercenters
BJ's Wholesale Club Gas,447110,Gasoline Stations,Gasoline Stations with Convenience Stores
BK Pilates,713940,Other Amusement and Recreation Industries,Fitness and Recreational Sports Centers
BP,447110,Gasoline Stations,Gasoline Stations with Convenience Stores
Babeland,451120,"Sporting Goods, Hobby, and Musical Instrument Stores","Hobby, Toy, and Game Stores"
Bad Axe Throwing,713940,Other Amusement and Recreation Industries,Fitness and Recreational Sports Centers
Bahama Breeze,722511,Restaurants and Other Eating Places,Full-Service Restaurants
Balduccis,445110,Grocery Stores,Supermarkets and Other Grocery (except Convenience) Stores
Balenciaga,448190,Clothing Stores,Other Clothing Stores
Bally boutiques,448140,Clothing Stores,Family Clothing Stores
Bambu,722515,Restaurants and Other Eating Places,Snack and Nonalcoholic Beverage Bars
Banana Republic,448140,Clothing Stores,Family Clothing Stores
Bandier,448190,Clothing Stores,Other Clothing Stores
BareBurger,722511,Restaurants and Other Eating Places,Full-Service Restaurants
Barnes and Noble,451211,Book Stores and News Dealers,Book Stores
Barnes and Noble College,451211,Book Stores and News Dealers,Book Stores
Barneys New York,452210,Department Stores,Department Stores
Barry's Bootcamp,713940,Other Amusement and Recreation Industries,Fitness and Recreational Sports Centers
Baskin Robbins,722515,Restaurants and Other Eating Places,Snack and Nonalcoholic Beverage Bars
Bass Pro Shops,451110,"Sporting Goods, Hobby, and Musical Instrument Stores",Sporting Goods Stores
Bath & Body Works,446120,Health and Personal Care Stores,"Cosmetics, Beauty Supplies, and Perfume Stores"
Beach Bum Tanning & Airbrush Salon,812199,Personal Care Services,Other Personal Care Services
Beatnic,722511,Restaurants and Other Eating Places,Full-Service Restaurants
Beautycounter,446120,Health and Personal Care Stores,"Cosmetics, Beauty Supplies, and Perfume Stores"
Beavertails,722513,Restaurants and Other Eating Places,Limited-Service Restaurants
Beef Jerky Outlet,445299,Specialty Food Stores,All Other Specialty Food Stores
Bella Bridesmaids,448190,Clothing Stores,Other Clothing Stores
Beltone,446199,Health and Personal Care Stores,All Other Health and Personal Care Stores
Ben & Jerry's,722515,Restaurants and Other Eating Places,Snack and Nonalcoholic Beverage Bars
Benefit Cosmetics,446120,Health and Personal Care Stores,"Cosmetics, Beauty Supplies, and Perfume Stores"
Benihana,722511,Restaurants and Other Eating Places,Full-Service Restaurants
Bergdorf Goodman,448120,Clothing Stores,Women's Clothing Stores
Bergman luggage,448320,"Jewelry, Luggage, and Leather Goods Stores",Luggage and Leather Goods Stores
Best Fitness,713940,Other Amusement and Recreation Industries,Fitness and Recreational Sports Centers
Best Market,445110,Grocery Stores,Supermarkets and Other Grocery (except Convenience) Stores
Big Lots Stores,452319,"General Merchandise Stores, including Warehouse Clubs and Supercenters",All Other General Merchandise Stores
Big M Supermarkets,445110,Grocery Stores,Supermarkets and Other Grocery (except Convenience) Stores
Bill Gray's,722511,Restaurants and Other Eating Places,Full-Service Restaurants
Billabong,448140,Clothing Stores,Family Clothing Stores
Billy Reid,448110,Clothing Stores,Men's Clothing Stores
Bimbo Bakeries,722513,Restaurants and Other Eating Places,Limited-Service Restaurants
Birkenstock,448210,Shoe Stores,Shoe Stores
Blackstone Steakhouse,722511,Restaurants and Other Eating Places,Full-Service Restaurants
Blaze Pizza,722511,Restaurants and Other Eating Places,Full-Service Restaurants
Blick Art Materials,453998,Other Miscellaneous Store Retailers,All Other Miscellaneous Store Retailers (except Tobacco Stores)
Blimpie,722513,Restaurants and Other Eating Places,Limited-Service Restaurants
Blink Fitness,713940,Other Amusement and Recreation Industries,Fitness and Recreational Sports Centers
Blo Blow Dry Bar,812112,Personal Care Services,Beauty Salons
Bloomingdale's,452210,Department Stores,Department Stores
Blue Bottle Coffee,722513,Restaurants and Other Eating Places,Limited-Service Restaurants
Bluestone Lane,722513,Restaurants and Other Eating Places,Limited-Service Restaurants
Bob Evans,722511,Restaurants and Other Eating Places,Full-Service Restaurants
Bob's Stores,448140,Clothing Stores,Family Clothing Stores
Boba Guys,722515,Restaurants and Other Eating Places,Snack and Nonalcoholic Beverage Bars
Body & Brain Yoga Tai Chi,713940,Other Amusement and Recreation Industries,Fitness and Recreational Sports Centers
Bolla Market,447110,Gasoline Stations,Gasoline Stations with Convenience Stores
Bonanza & Ponderosa Steakhouse,722511,Restaurants and Other Eating Places,Full-Service Restaurants
Bonchon,722513,Restaurants and Other Eating Places,Limited-Service Restaurants
Bond No. 9,446120,Health and Personal Care Stores,"Cosmetics, Beauty Supplies, and Perfume Stores"
Bonefish Grill,722511,Restaurants and Other Eating Places,Full-Service Restaurants
Bonobos,448110,Clothing Stores,Men's Clothing Stores
Book Warehouse,451211,Book Stores and News Dealers,Book Stores
Boqueria,722511,Restaurants and Other Eating Places,Full-Service Restaurants
Boscov's,452210,Department Stores,Department Stores
Boston Market,722513,Restaurants and Other Eating Places,Limited-Service Restaurants
Bottega Veneta,452210,Department Stores,Department Stores
Bounce Trampoline Sports,713990,Other Amusement and Recreation Industries,All Other Amusement and Recreation Industries
BounceU,713120,Amusement Parks and Arcades,Amusement Arcades
Bow Tie Cinemas,512131,Motion Picture and Video Industries,Motion Picture Theaters (except Drive-Ins)
Bowlero,713950,Other Amusement and Recreation Industries,Bowling Centers
Bowlmor Lanes,713950,Other Amusement and Recreation Industries,Bowling Centers
BoxLunch,453220,"Office Supplies, Stationery, and Gift Stores","Gift, Novelty, and Souvenir Stores"
Brandy Melville,448120,Clothing Stores,Women's Clothing Stores
Bravissimo,448120,Clothing Stores,Women's Clothing Stores
Bravo Supermarkets,445110,Grocery Stores,Supermarkets and Other Grocery (except Convenience) Stores
Brooklyn Boulders,713940,Other Amusement and Recreation Industries,Fitness and Recreational Sports Centers
Brooklyn Fare,445110,Grocery Stores,Supermarkets and Other Grocery (except Convenience) Stores
Brooklyn Harvest Markets,445110,Grocery Stores,Supermarkets and Other Grocery (except Convenience) Stores
Brooks Brothers,448140,Clothing Stores,Family Clothing Stores
Bruegger's,722513,Restaurants and Other Eating Places,Limited-Service Restaurants
Brunello Cucinelli,448190,Clothing Stores,Other Clothing Stores
Bubba Gump Shrimp,722511,Restaurants and Other Eating Places,Full-Service Restaurants
Bubbakoo's Burritos,722511,Restaurants and Other Eating Places,Full-Service Restaurants
Buca di Beppo,722511,Restaurants and Other Eating Places,Full-Service Restaurants
Buck Mason,448110,Clothing Stores,Men's Clothing Stores
Buck's Pizza,722511,Restaurants and Other Eating Places,Full-Service Restaurants
Buffalo Exchange,453310,Used Merchandise Stores,Used Merchandise Stores
Buffalo Wild Wings,722511,Restaurants and Other Eating Places,Full-Service Restaurants
Build A Bear Workshop,451120,"Sporting Goods, Hobby, and Musical Instrument Stores","Hobby, Toy, and Game Stores"
Bull Chicks,722511,Restaurants and Other Eating Places,Full-Service Restaurants
Burberry,448140,Clothing Stores,Family Clothing Stores
Burger 21,722513,Restaurants and Other Eating Places,Limited-Service Restaurants
Burger King,722513,Restaurants and Other Eating Places,Limited-Service Restaurants
Burger Village,722513,Restaurants and Other Eating Places,Limited-Service Restaurants
BurgerFi,722513,Restaurants and Other Eating Places,Limited-Service Restaurants
Burgerim,722513,Restaurants and Other Eating Places,Limited-Service Restaurants
Burlington,448140,Clothing Stores,Family Clothing Stores
Burn Boot Camp,713940,Other Amusement and Recreation Industries,Fitness and Recreational Sports Centers
Buy Buy Baby,448130,Clothing Stores,Children's and Infants' Clothing Stores
Byredo,446120,Health and Personal Care Stores,"Cosmetics, Beauty Supplies, and Perfume Stores"
Byrne Dairy,445299,Specialty Food Stores,All Other Specialty Food Stores
C Town Supermarkets,445110,Grocery Stores,Supermarkets and Other Grocery (except Convenience) Stores
C.H. MARTIN,452210,Department Stores,Department Stores
CAVA,722513,Restaurants and Other Eating Places,Limited-Service Restaurants
CH by Carolina Herrera,448140,Clothing Stores,Family Clothing Stores
CITGO,447110,Gasoline Stations,Gasoline Stations with Convenience Stores
CKO Kickboxing,713940,Other Amusement and Recreation Industries,Fitness and Recreational Sports Centers
CVS,446110,Health and Personal Care Stores,Pharmacies and Drug Stores
CVS Pharmacy,446110,Health and Personal Care Stores,Pharmacies and Drug Stores
Cabela's,451110,"Sporting Goods, Hobby, and Musical Instrument Stores",Sporting Goods Stores
Cactus Salon,812112,Personal Care Services,Beauty Salons
Cafe Metro,722511,Restaurants and Other Eating Places,Full-Service Restaurants
Café D'Avignon,722515,Restaurants and Other Eating Places,Snack and Nonalcoholic Beverage Bars
Calexico,722513,Restaurants and Other Eating Places,Limited-Service Restaurants
California Pizza Kitchen,722511,Restaurants and Other Eating Places,Full-Service Restaurants
Call It Spring,448210,Shoe Stores,Shoe Stores
Calvin Klein,448140,Clothing Stores,Family Clothing Stores
Calzedonia,448140,Clothing Stores,Family Clothing Stores
Camille's Sidewalk Café,722513,Restaurants and Other Eating Places,Limited-Service Restaurants
Camper,448210,Shoe Stores,Shoe Stores
Camping World,451110,"Sporting Goods, Hobby, and Musical Instrument Stores",Sporting Goods Stores
Canada Goose,451110,"Sporting Goods, Hobby, and Musical Instrument Stores",Sporting Goods Stores
Cardsmart,453220,"Office Supplies, Stationery, and Gift Stores","Gift, Novelty, and Souvenir Stores"
Carhartt,448190,Clothing Stores,Other Clothing Stores
Carrabba's Italian Grill,722511,Restaurants and Other Eating Places,Full-Service Restaurants
Carter's,448130,Clothing Stores,Children's and Infants' Clothing Stores
Cartier,448310,"Jewelry, Luggage, and Leather Goods Stores",Jewelry Stores
Cartridge World,453210,"Office Supplies, Stationery, and Gift Stores",Office Supplies and Stationery Stores
Carvel,722515,Restaurants and Other Eating Places,Snack and Nonalcoholic Beverage Bars
Casual Male XL,448110,Clothing Stores,Men's Clothing Stores
Catherines,448120,Clothing Stores,Women's Clothing Stores
Central Rock Gym,713940,Other Amusement and Recreation Industries,Fitness and Recreational Sports Centers
Century 21 Department Stores,448140,Clothing Stores,Family Clothing Stores
Cha Cha Matcha,722515,Restaurants and Other Eating Places,Snack and Nonalcoholic Beverage Bars
Champion,448140,Clothing Stores,Family Clothing Stores
Champs Sports,451110,"Sporting Goods, Hobby, and Musical Instrument Stores",Sporting Goods Stores
Chanel,448150,Clothing Stores,Clothing Accessories Stores
Charles Tyrwhitt,448110,Clothing Stores,Men's Clothing Stores
Charley's,722513,Restaurants and Other Eating Places,Limited-Service Restaurants
Charlotte Russe,448120,Clothing Stores,Women's Clothing Stores
Charlotte Tilbury,446120,Health and Personal Care Stores,"Cosmetics, Beauty Supplies, and Perfume Stores"
Checkers Drive-In Restaurants,722513,Restaurants and Other Eating Places,Limited-Service Restaurants
Cheeburger Cheeburger,722511,Restaurants and Other Eating Places,Full-Service Restaurants
Chick-fil-A,722513,Restaurants and Other Eating Places,Limited-Service Restaurants
Chico's,448120,Clothing Stores,Women's Clothing Stores
Chico's Off The Rack,448120,Clothing Stores,Women's Clothing Stores
Chili's Grill & Bar,722511,Restaurants and Other Eating Places,Full-Service Restaurants
China House,722511,Restaurants and Other Eating Places,Full-Service Restaurants
China King,722511,Restaurants and Other Eating Places,Full-Service Restaurants
China Kitchen,722511,Restaurants and Other Eating Places,Full-Service Restaurants
Chipotle Mexican Grill,722513,Restaurants and Other Eating Places,Limited-Service Restaurants
Choice Pet,453910,Other Miscellaneous Store Retailers,Pet and Pet Supplies Stores
Chopard,448310,"Jewelry, Luggage, and Leather Goods Stores",Jewelry Stores
Chopt Creative Salad,722513,Restaurants and Other Eating Places,Limited-Service Restaurants
Christian Louboutin,448120,Clothing Stores,Women's Clothing Stores
Christmas Tree Shops,452319,"General Merchandise Stores, including Warehouse Clubs and Supercenters",All Other General Merchandise Stores
Christopher & Banks,448120,Clothing Stores,Women's Clothing Stores
Chrome Hearts,448310,"Jewelry, Luggage, and Leather Goods Stores",Jewelry Stores
Chuck E. Cheese's,722513,Restaurants and Other Eating Places,Limited-Service Restaurants
Cinnabon,722515,Restaurants and Other Eating Places,Snack and Nonalcoholic Beverage Bars
Cinépolis,512131,Motion Picture and Video Industries,Motion Picture Theaters (except Drive-Ins)
Circle K,445120,Grocery Stores,Convenience Stores
Circle K Gas,447110,Gasoline Stations,Gasoline Stations with Convenience Stores
Citi Trends,452210,Department Stores,Department Stores
Claire's,448190,Clothing Stores,Other Clothing Stores
Clarks,448210,Shoe Stores,Shoe Stores
Cliff's Local Market,445110,Grocery Stores,Supermarkets and Other Grocery (except Convenience) Stores
Clothes Mentor,453310,Used Merchandise Stores,Used Merchandise Stores
Club Champion,451110,"Sporting Goods, Hobby, and Musical Instrument Stores",Sporting Goods Stores
Club Monaco,448140,Clothing Stores,Family Clothing Stores
Club Pilates,713940,Other Amusement and Recreation Industries,Fitness and Recreational Sports Centers
CoCo Fresh Tea & Juice,722515,Restaurants and Other Eating Places,Snack and Nonalcoholic Beverage Bars
Coach,448320,"Jewelry, Luggage, and Leather Goods Stores",Luggage and Leather Goods Stores
Cold Stone Creamery,722515,Restaurants and Other Eating Places,Snack and Nonalcoholic Beverage Bars
Cole Haan,448140,Clothing Stores,Family Clothing Stores
Columbia Sportswear,448190,Clothing Stores,Other Clothing Stores
Compare Foods Supermarkets,445110,Grocery Stores,Supermarkets and Other Grocery (except Convenience) Stores
ConocoPhillips,447110,Gasoline Stations,Gasoline Stations with Convenience Stores
CoreLife Eatery,722513,Restaurants and Other Eating Places,Limited-Service Restaurants
CorePower Yoga,713940,Other Amusement and Recreation Industries,Fitness and Recreational Sports Centers
Cos Bar,446120,Health and Personal Care Stores,"Cosmetics, Beauty Supplies, and Perfume Stores"
Cosi,722511,Restaurants and Other Eating Places,Full-Service Restaurants
Cost Cutters,812112,Personal Care Services,Beauty Salons
Costco,452311,"General Merchandise Stores, including Warehouse Clubs and Supercenters",Warehouse Clubs and Supercenters
Costco Gasoline,447110,Gasoline Stations,Gasoline Stations with Convenience Stores
Costco Pharmacy,446110,Health and Personal Care Stores,Pharmacies and Drug Stores
Country Fair,447110,Gasoline Stations,Gasoline Stations with Convenience Stores
Country Kitchen,722511,Restaurants and Other Eating Places,Full-Service Restaurants
CountryMax Stores,453910,Other Miscellaneous Store Retailers,Pet and Pet Supplies Stores
Cousins Subs,722513,Restaurants and Other Eating Places,Limited-Service Restaurants
Coyote Ugly Saloon,722410,Drinking Places (Alcoholic Beverages),Drinking Places (Alcoholic Beverages)
Cracker Barrel,722511,Restaurants and Other Eating Places,Full-Service Restaurants
Credo Beauty,446120,Health and Personal Care Stores,"Cosmetics, Beauty Supplies, and Perfume Stores"
Crocs,448210,Shoe Stores,Shoe Stores
Crosby's,445120,Grocery Stores,Convenience Stores
CrossFit,713940,Other Amusement and Recreation Industries,Fitness and Recreational Sports Centers
Crossroads Trading,453310,Used Merchandise Stores,Used Merchandise Stores
Crown Trophy,453998,Other Miscellaneous Store Retailers,All Other Miscellaneous Store Retailers (except Tobacco Stores)
Crunch,713940,Other Amusement and Recreation Industries,Fitness and Recreational Sports Centers
Cumberland Farms,447110,Gasoline Stations,Gasoline Stations with Convenience Stores
Cups Frozen Yogurt,722515,Restaurants and Other Eating Places,Snack and Nonalcoholic Beverage Bars
Curves,713940,Other Amusement and Recreation Industries,Fitness and Recreational Sports Centers
Cycle Gear,451110,"Sporting Goods, Hobby, and Musical Instrument Stores",Sporting Goods Stores
CycleBar,713940,Other Amusement and Recreation Industries,Fitness and Recreational Sports Centers
D'Agostino,445110,Grocery Stores,Supermarkets and Other Grocery (except Convenience) Stores
DAISO,452319,"General Merchandise Stores, including Warehouse Clubs and Supercenters",All Other General Merchandise Stores
DECIEM,446120,Health and Personal Care Stores,"Cosmetics, Beauty Supplies, and Perfume Stores"
DIESEL,448140,Clothing Stores,Family Clothing Stores
DKNY,448140,Clothing Stores,Family Clothing Stores
DSW (Designer Shoe Warehouse),448210,Shoe Stores,Shoe Stores
DTR/VILLA,448140,Clothing Stores,Family Clothing Stores
DVF (Diane von Furstenberg),448120,Clothing Stores,Women's Clothing Stores
Dairy Queen,722513,Restaurants and Other Eating Places,Limited-Service Restaurants
Dallas BBQ,722511,Restaurants and Other Eating Places,Full-Service Restaurants
Dandy Mini Marts,445120,Grocery Stores,Convenience Stores
Dash's Market,445299,Specialty Food Stores,All Other Specialty Food Stores
Dave & Buster's,722410,Drinking Places (Alcoholic Beverages),Drinking Places (Alcoholic Beverages)
Davi Nails,812113,Personal Care Services,Nail Salons
David's Bridal,448120,Clothing Stores,Women's Clothing Stores
Daylight Donuts,445291,Specialty Food Stores,Baked Goods Stores
De Beers Jewelry,448310,"Jewelry, Luggage, and Leather Goods Stores",Jewelry Stores
DeCicco and Sons,722511,Restaurants and Other Eating Places,Full-Service Restaurants
Del Frisco's Grille,722511,Restaurants and Other Eating Places,Full-Service Restaurants
DelFrisco's Double Eagle Steakhouse,722511,Restaurants and Other Eating Places,Full-Service Restaurants
Denny's,722511,Restaurants and Other Eating Places,Full-Service Restaurants
Destination Maternity,448120,Clothing Stores,Women's Clothing Stores
Destination XL,448110,Clothing Stores,Men's Clothing Stores
DiBella's Subs,722513,Restaurants and Other Eating Places,Limited-Service Restaurants
Dick's Sporting Goods,451110,"Sporting Goods, Hobby, and Musical Instrument Stores",Sporting Goods Stores
Dickey's Barbecue Pit,722511,Restaurants and Other Eating Places,Full-Service Restaurants
Dig Inn,722513,Restaurants and Other Eating Places,Limited-Service Restaurants
Dior,448120,Clothing Stores,Women's Clothing Stores
Dippin' Dots,722515,Restaurants and Other Eating Places,Snack and Nonalcoholic Beverage Bars
Diptyque Paris,446120,Health and Personal Care Stores,"Cosmetics, Beauty Supplies, and Perfume Stores"
Disney Store,453220,"Office Supplies, Stationery, and Gift Stores","Gift, Novelty, and Souvenir Stores"
Doc Popcorn,722515,Restaurants and Other Eating Places,Snack and Nonalcoholic Beverage Bars
Dog Haus,722511,Restaurants and Other Eating Places,Full-Service Restaurants
Dolce & Gabbana,448120,Clothing Stores,Women's Clothing Stores
Dollar General,452319,"General Merchandise Stores, including Warehouse Clubs and Supercenters",All Other General Merchandise Stores
Dollar Tree,452319,"General Merchandise Stores, including Warehouse Clubs and Supercenters",All Other General Merchandise Stores
Domino's Pizza,722513,Restaurants and Other Eating Places,Limited-Service Restaurants
Donut Connection,722515,Restaurants and Other Eating Places,Snack and Nonalcoholic Beverage Bars
Dooney and Bourke,448320,"Jewelry, Luggage, and Leather Goods Stores",Luggage and Leather Goods Stores
Dos Toros Taqueria,722513,Restaurants and Other Eating Places,Limited-Service Restaurants
Dover Saddlery,451110,"Sporting Goods, Hobby, and Musical Instrument Stores",Sporting Goods Stores
Dr. Martens,448210,Shoe Stores,Shoe Stores
Dressbarn,448120,Clothing Stores,Women's Clothing Stores
Drybar,812112,Personal Care Services,Beauty Salons
Duane Reade by Walgreens,446110,Health and Personal Care Stores,Pharmacies and Drug Stores
Duck Donuts,445291,Specialty Food Stores,Baked Goods Stores
Dunkin',722515,Restaurants and Other Eating Places,Snack and Nonalcoholic Beverage Bars
Duty Free Americas,445310,"Beer, Wine, and Liquor Stores","Beer, Wine, and Liquor Stores"
Dylan's Candy Bar,445292,Specialty Food Stores,Confectionery and Nut Stores
Dynamite,448140,Clothing Stores,Family Clothing Stores
ECCO,448210,Shoe Stores,Shoe Stores
ESCADA,448120,Clothing Stores,Women's Clothing Stores
EagleRider,713990,Other Amusement and Recreation Industries,All Other Amusement and Recreation Industries
Earl of Sandwich,722513,Restaurants and Other Eating Places,Limited-Service Restaurants
Eastern Mountain Sports,451110,"Sporting Goods, Hobby, and Musical Instrument Stores",Sporting Goods Stores
Eataly,722511,Restaurants and Other Eating Places,Full-Service Restaurants
Eberjey,448190,Clothing Stores,Other Clothing Stores
Eblens,448140,Clothing Stores,Family Clothing Stores
Eddie Bauer,448140,Clothing Stores,Family Clothing Stores
Edible Arrangements,453220,"Office Supplies, Stationery, and Gift Stores","Gift, Novelty, and Souvenir Stores"
Eileen Fisher,448120,Clothing Stores,Women's Clothing Stores
Einstein Brothers,722513,Restaurants and Other Eating Places,Limited-Service Restaurants
Elements Therapeutic Massage,812199,Personal Care Services,Other Personal Care Services
Elevation Burger,722513,Restaurants and Other Eating Places,Limited-Service Restaurants
Elie Tahari,448120,Clothing Stores,Women's Clothing Stores
Elixir Juice Bar,722515,Restaurants and Other Eating Places,Snack and Nonalcoholic Beverage Bars
Emack & Bolio's Ice Cream,722515,Restaurants and Other Eating Places,Snack and Nonalcoholic Beverage Bars
Empire Eatery,447110,Gasoline Stations,Gasoline Stations with Convenience Stores
Epicierie Boulud,722513,Restaurants and Other Eating Places,Limited-Service Restaurants
Equinox Fitness Clubs,713940,Other Amusement and Recreation Industries,Fitness and Recreational Sports Centers
Ermenegildo Zenga,448110,Clothing Stores,Men's Clothing Stores
European Wax Center (EWC),812112,Personal Care Services,Beauty Salons
Everlane,452210,Department Stores,Department Stores
Everything but Water,448190,Clothing Stores,Other Clothing Stores
Exhale,812199,Personal Care Services,Other Personal Care Services
Express,448140,Clothing Stores,Family Clothing Stores
Express Factory Outlet,448140,Clothing Stores,Family Clothing Stores
Exxon Mobil,447110,Gasoline Stations,Gasoline Stations with Convenience Stores
F45 Training,713940,Other Amusement and Recreation Industries,Fitness and Recreational Sports Centers
FRAME,448120,Clothing Stores,Women's Clothing Stores
Fabletics,448140,Clothing Stores,Family Clothing Stores
Fairway Market,445110,Grocery Stores,Supermarkets and Other Grocery (except Convenience) Stores
Family Dollar Stores,452319,"General Merchandise Stores, including Warehouse Clubs and Supercenters",All Other General Merchandise Stores
Family Footwear Center,448210,Shoe Stores,Shoe Stores
Family Video,532282,Consumer Goods Rental,Video Tape and Disc Rental
Famous Dave's,722511,Restaurants and Other Eating Places,Full-Service Restaurants
Famous Footwear,448210,Shoe Stores,Shoe Stores
Fantastic Sams,812112,Personal Care Services,Beauty Salons
Fastrac,447110,Gasoline Stations,Gasoline Stations with Convenience Stores
Feel Rite Fresh Market,446191,Health and Personal Care Stores,Food (Health) Supplement Stores
Fendi,448120,Clothing Stores,Women's Clothing Stores
Ferragamo,448210,Shoe Stores,Shoe Stores
Field & Stream,451110,"Sporting Goods, Hobby, and Musical Instrument Stores",Sporting Goods Stores
Fig and Olive,722511,Restaurants and Other Eating Places,Full-Service Restaurants
Filson,448190,Clothing Stores,Other Clothing Stores
Fine Fare Supermarkets,445110,Grocery Stores,Supermarkets and Other Grocery (except Convenience) Stores
Finish Line,448210,Shoe Stores,Shoe Stores
Firehouse Subs,722513,Restaurants and Other Eating Places,Limited-Service Restaurants
Fitness 19,713940,Other Amusement and Recreation Industries,Fitness and Recreational Sports Centers
Fitness Factory Health Club,713940,Other Amusement and Recreation Industries,Fitness and Recreational Sports Centers
Fitness Together,713940,Other Amusement and Recreation Industries,Fitness and Recreational Sports Centers
Five Below,452319,"General Merchandise Stores, including Warehouse Clubs and Supercenters",All Other General Merchandise Stores
Five Guys,722513,Restaurants and Other Eating Places,Limited-Service Restaurants
Fjall Raven,713990,Other Amusement and Recreation Industries,All Other Amusement and Recreation Industries
Fleet Feet Sports,448210,Shoe Stores,Shoe Stores
Flight Trampoline Park,713990,Other Amusement and Recreation Industries,All Other Amusement and Recreation Industries
Flywheel,713940,Other Amusement and Recreation Industries,Fitness and Recreational Sports Centers
Fogo de Chão,722511,Restaurants and Other Eating Places,Full-Service Restaurants
Follain,446120,Health and Personal Care Stores,"Cosmetics, Beauty Supplies, and Perfume Stores"
Food Bazaar Supermarket,445110,Grocery Stores,Supermarkets and Other Grocery (except Convenience) Stores
Food Dynasty,445110,Grocery Stores,Supermarkets and Other Grocery (except Convenience) Stores
Food Fair,445110,Grocery Stores,Supermarkets and Other Grocery (except Convenience) Stores
Food Universe Marketplace,445110,Grocery Stores,Supermarkets and Other Grocery (except Convenience) Stores
Foodtown,445110,Grocery Stores,Supermarkets and Other Grocery (except Convenience) Stores
Foot Locker,448210,Shoe Stores,Shoe Stores
Footaction,448210,Shoe Stores,Shoe Stores
Forever 21,448120,Clothing Stores,Women's Clothing Stores
Forman Mills,448140,Clothing Stores,Family Clothing Stores
Fossil,448310,"Jewelry, Luggage, and Leather Goods Stores",Jewelry Stores
Four Brothers Pizza Inn,722511,Restaurants and Other Eating Places,Full-Service Restaurants
Fox's Pizza Den,722511,Restaurants and Other Eating Places,Full-Service Restaurants
Fragrance Outlet,446120,Health and Personal Care Stores,"Cosmetics, Beauty Supplies, and Perfume Stores"
Francesca's,448120,Clothing Stores,Women's Clothing Stores
Francos Pizza,722513,Restaurants and Other Eating Places,Limited-Service Restaurants
Frank Pepe Pizzeria,722513,Restaurants and Other Eating Places,Limited-Service Restaurants
Fred Astaire Dance Studios,713940,Other Amusement and Recreation Industries,Fitness and Recreational Sports Centers
Frederic Malle,446120,Health and Personal Care Stores,"Cosmetics, Beauty Supplies, and Perfume Stores"
Free People,448120,Clothing Stores,Women's Clothing Stores
French Connection,448140,Clothing Stores,Family Clothing Stores
Fresh,446120,Health and Personal Care Stores,"Cosmetics, Beauty Supplies, and Perfume Stores"
Fresh&co.,445299,Specialty Food Stores,All Other Specialty Food Stores
Friendly's,722511,Restaurants and Other Eating Places,Full-Service Restaurants
Frye,448210,Shoe Stores,Shoe Stores
Fuku,722511,Restaurants and Other Eating Places,Full-Service Restaurants
Furla,448320,"Jewelry, Luggage, and Leather Goods Stores",Luggage and Leather Goods Stores
G-Star RAW,448140,Clothing Stores,Family Clothing Stores
G.H. Bass and Co,448210,Shoe Stores,Shoe Stores
GALLS,448190,Clothing Stores,Other Clothing Stores
GARAGE,448120,Clothing Stores,Women's Clothing Stores
GIVENCHY,448190,Clothing Stores,Other Clothing Stores
GNC (General Nutrition Centers),446191,Health and Personal Care Stores,Food (Health) Supplement Stores
GRK Fresh,722513,Restaurants and Other Eating Places,Limited-Service Restaurants
GUESS,448140,Clothing Stores,Family Clothing Stores
GUESS Factory,448140,Clothing Stores,Family Clothing Stores
Gabe's,452210,Department Stores,Department Stores
GameStop,451120,"Sporting Goods, Hobby, and Musical Instrument Stores","Hobby, Toy, and Game Stores"
Gander Outdoors,451110,"Sporting Goods, Hobby, and Musical Instrument Stores",Sporting Goods Stores
Gap,448140,Clothing Stores,Family Clothing Stores
Gertrude Hawk Chocolates,445292,Specialty Food Stores,Confectionery and Nut Stores
Get Air,713940,Other Amusement and Recreation Industries,Fitness and Recreational Sports Centers
Giunta's Meat Farms,445110,Grocery Stores,Supermarkets and Other Grocery (except Convenience) Stores
Gloria Jean's Gourmet Coffees,722515,Restaurants and Other Eating Places,Snack and Nonalcoholic Beverage Bars
Go! Go! Curry! America,722513,Restaurants and Other Eating Places,Limited-Service Restaurants
Gold's Gym,713940,Other Amusement and Recreation Industries,Fitness and Recreational Sports Centers
Golden China,722511,Restaurants and Other Eating Places,Full-Service Restaurants
Golden Corral,722511,Restaurants and Other Eating Places,Full-Service Restaurants
Golden Goose,448210,Shoe Stores,Shoe Stores
Golden Krust Caribbean Bakery and Grill,722511,Restaurants and Other Eating Places,Full-Service Restaurants
Golf Galaxy,451110,"Sporting Goods, Hobby, and Musical Instrument Stores",Sporting Goods Stores
GolfTec,713910,Other Amusement and Recreation Industries,Golf Courses and Country Clubs
Gong Cha,722513,Restaurants and Other Eating Places,Limited-Service Restaurants
Goodwill Industries,453310,Used Merchandise Stores,Used Merchandise Stores
Gordmans,452210,Department Stores,Department Stores
Gordon Food Service Store,445110,Grocery Stores,Supermarkets and Other Grocery (except Convenience) Stores
Gracie Barra,713940,Other Amusement and Recreation Industries,Fitness and Recreational Sports Centers
Grand Lux Cafe,722511,Restaurants and Other Eating Places,Full-Service Restaurants
Great American Cookies,445291,Specialty Food Stores,Baked Goods Stores
Great Clips,812112,Personal Care Services,Beauty Salons
Greatwall Supermarket (GW),445110,Grocery Stores,Supermarkets and Other Grocery (except Convenience) Stores
Green Cactus Grill,722511,Restaurants and Other Eating Places,Full-Service Restaurants
Green's Natural Foods,445110,Grocery Stores,Supermarkets and Other Grocery (except Convenience) Stores
Gregory's Coffee,722515,Restaurants and Other Eating Places,Snack and Nonalcoholic Beverage Bars
Grimaldi's,722511,Restaurants and Other Eating Places,Full-Service Restaurants
Gristedes,445110,Grocery Stores,Supermarkets and Other Grocery (except Convenience) Stores
Ground Round,722511,Restaurants and Other Eating Places,Full-Service Restaurants
Gucci,448140,Clothing Stores,Family Clothing Stores
Guiseppe Zanotti Design,448120,Clothing Stores,Women's Clothing Stores
Guitar Center,451140,"Sporting Goods, Hobby, and Musical Instrument Stores",Musical Instrument and Supplies Stores
Gulf Oil,447110,Gasoline Stations,Gasoline Stations with Convenience Stores
Gym Source,451110,"Sporting Goods, Hobby, and Musical Instrument Stores",Sporting Goods Stores
Gyu-Kaku,722511,Restaurants and Other Eating Places,Full-Service Restaurants
H Mart,445110,Grocery Stores,Supermarkets and Other Grocery (except Convenience) Stores
H&M (Hennes & Mauritz),448140,Clothing Stores,Family Clothing Stores
Haagen Dazs,722515,Restaurants and Other Eating Places,Snack and Nonalcoholic Beverage Bars
Habitat for Humanity ReStore,453310,Used Merchandise Stores,Used Merchandise Stores
Haggar,448110,Clothing Stores,Men's Clothing Stores
Hallmark Cards,453220,"Office Supplies, Stationery, and Gift Stores","Gift, Novelty, and Souvenir Stores"
Hand and Stone,812199,Personal Care Services,Other Personal Care Services
Handy Pantry,445110,Grocery Stores,Supermarkets and Other Grocery (except Convenience) Stores
Hanesbrands,448150,Clothing Stores,Clothing Accessories Stores
Hannaford Pharmacy,446110,Health and Personal Care Stores,Pharmacies and Drug Stores
Hannaford Supermarkets,445110,Grocery Stores,Supermarkets and Other Grocery (except Convenience) Stores
Hannoush Jewelers,448310,"Jewelry, Luggage, and Leather Goods Stores",Jewelry Stores
Hard Rock Cafe,722511,Restaurants and Other Eating Places,Full-Service Restaurants
Harmon Face Values,446120,Health and Personal Care Stores,"Cosmetics, Beauty Supplies, and Perfume Stores"
Harry Winston,448310,"Jewelry, Luggage, and Leather Goods Stores",Jewelry Stores
Health Mart,446110,Health and Personal Care Stores,Pharmacies and Drug Stores
Healthtrax Fitness & Wellness,713940,Other Amusement and Recreation Industries,Fitness and Recreational Sports Centers
Hearing Life,446199,Health and Personal Care Stores,All Other Health and Personal Care Stores
Hermès,452210,Department Stores,Department Stores
Hero Certified Burgers,722511,Restaurants and Other Eating Places,Full-Service Restaurants
Hibbett Sports,451110,"Sporting Goods, Hobby, and Musical Instrument Stores",Sporting Goods Stores
Hillstone Restaurant Group,722511,Restaurants and Other Eating Places,Full-Service Restaurants
Hobby Lobby Stores,451120,"Sporting Goods, Hobby, and Musical Instrument Stores","Hobby, Toy, and Game Stores"
HobbyTown USA,451120,"Sporting Goods, Hobby, and Musical Instrument Stores","Hobby, Toy, and Game Stores"
Hollister,448140,Clothing Stores,Family Clothing Stores
Hooters,722511,Restaurants and Other Eating Places,Full-Service Restaurants
Hot Topic,448140,Clothing Stores,Family Clothing Stores
Hotel Chocolat,445292,Specialty Food Stores,Confectionery and Nut Stores
Houlihan's Restaurants,722511,Restaurants and Other Eating Places,Full-Service Restaurants
House of Jerky,445210,Specialty Food Stores,Meat Markets
Hugo Boss,448140,Clothing Stores,Family Clothing Stores
Hurricane Grill & Wings,722410,Drinking Places (Alcoholic Beverages),Drinking Places (Alcoholic Beverages)
IGA,445110,Grocery Stores,Supermarkets and Other Grocery (except Convenience) Stores
IHOP,722511,Restaurants and Other Eating Places,Full-Service Restaurants
IM=X Pilates,713940,Other Amusement and Recreation Industries,Fitness and Recreational Sports Centers
IRO,448120,Clothing Stores,Women's Clothing Stores
Ideal Image,812199,Personal Care Services,Other Personal Care Services
Inchin's Bamboo Garden,722511,Restaurants and Other Eating Places,Full-Service Restaurants
Indochino,448110,Clothing Stores,Men's Clothing Stores
Inglot,446120,Health and Personal Care Stores,"Cosmetics, Beauty Supplies, and Perfume Stores"
Intermix,448120,Clothing Stores,Women's Clothing Stores
Intimissimi,448120,Clothing Stores,Women's Clothing Stores
Ippudo,722511,Restaurants and Other Eating Places,Full-Service Restaurants
Irving Oil,447110,Gasoline Stations,Gasoline Stations with Convenience Stores
It'sugar,445292,Specialty Food Stores,Confectionery and Nut Stores
J Mclaughlin,448140,Clothing Stores,Family Clothing Stores
J.Crew,448140,Clothing Stores,Family Clothing Stores
J.Jill,448120,Clothing Stores,Women's Clothing Stores
JCPenney,452210,Department Stores,Department Stores
JW Tumbles,711219,Spectator Sports,Other Spectator Sports
Jacadi,448140,Clothing Stores,Family Clothing Stores
JackRabbit,448210,Shoe Stores,Shoe Stores
Jamba,722515,Restaurants and Other Eating Places,Snack and Nonalcoholic Beverage Bars
James Perse,448140,Clothing Stores,Family Clothing Stores
Janie and Jack,448130,Clothing Stores,Children's and Infants' Clothing Stores
Jared The Galleria of Jewelry,448310,"Jewelry, Luggage, and Leather Goods Stores",Jewelry Stores
Jenny Craig,812191,Personal Care Services,Diet and Weight Reducing Centers
Jersey Mike's,722513,Restaurants and Other Eating Places,Limited-Service Restaurants
Jet's Pizza,722513,Restaurants and Other Eating Places,Limited-Service Restaurants
Jimmy Choo,448210,Shoe Stores,Shoe Stores
Jimmy Jazz,448140,Clothing Stores,Family Clothing Stores
Jimmy John's,722513,Restaurants and Other Eating Places,Limited-Service Restaurants
Jimmy's Egg,722511,Restaurants and Other Eating Places,Full-Service Restaurants
Jo Malone London,446120,Health and Personal Care Stores,"Cosmetics, Beauty Supplies, and Perfume Stores"
Jo-Ann Fabric and Craft Stores,451130,"Sporting Goods, Hobby, and Musical Instrument Stores","Sewing, Needlework, and Piece Goods Stores"
Jockey,448140,Clothing Stores,Family Clothing Stores
Joe & The Juice,722515,Restaurants and Other Eating Places,Snack and Nonalcoholic Beverage Bars
Joe Coffee,722515,Restaurants and Other Eating Places,Snack and Nonalcoholic Beverage Bars
John Varvatos,448110,Clothing Stores,Men's Clothing Stores
Johnny Rockets,722511,Restaurants and Other Eating Places,Full-Service Restaurants
Johnny Was,448150,Clothing Stores,Clothing Accessories Stores
Johnson Fitness & Wellness,451110,"Sporting Goods, Hobby, and Musical Instrument Stores",Sporting Goods Stores
Johnston & Murphy,448150,Clothing Stores,Clothing Accessories Stores
Jolley Stores,445120,Grocery Stores,Convenience Stores
Jollibee,722513,Restaurants and Other Eating Places,Limited-Service Restaurants
Jos. A. Bank Clothiers,448110,Clothing Stores,Men's Clothing Stores
Journeys,448210,Shoe Stores,Shoe Stores
Jreck Subs,722511,Restaurants and Other Eating Places,Full-Service Restaurants
Juan Valdez Café,722515,Restaurants and Other Eating Places,Snack and Nonalcoholic Beverage Bars
Juice Generation,722515,Restaurants and Other Eating Places,Snack and Nonalcoholic Beverage Bars
Juice Press,722515,Restaurants and Other Eating Places,Snack and Nonalcoholic Beverage Bars
Jumpstreet,713990,Other Amusement and Recreation Industries,All Other Amusement and Recreation Industries
Junior's,722511,Restaurants and Other Eating Places,Full-Service Restaurants
Just Salad,722511,Restaurants and Other Eating Places,Full-Service Restaurants
Just-A-Buck,445120,Grocery Stores,Convenience Stores
K & G Fashion Superstore,448140,Clothing Stores,Family Clothing Stores
KFC,722513,Restaurants and Other Eating Places,Limited-Service Restaurants
KIKO Milano,446120,Health and Personal Care Stores,"Cosmetics, Beauty Supplies, and Perfume Stores"
KITH,448140,Clothing Stores,Family Clothing Stores
Kahala Coffee Traders,722515,Restaurants and Other Eating Places,Snack and Nonalcoholic Beverage Bars
Kate Spade,448140,Clothing Stores,Family Clothing Stores
Kay Jewelers,448310,"Jewelry, Luggage, and Leather Goods Stores",Jewelry Stores
Kendra Scott,448310,"Jewelry, Luggage, and Leather Goods Stores",Jewelry Stores
Key Food,445110,Grocery Stores,Supermarkets and Other Grocery (except Convenience) Stores
Kid to Kid,453310,Used Merchandise Stores,Used Merchandise Stores
Kids Foot Locker,448210,Shoe Stores,Shoe Stores
Kiehl's,446120,Health and Personal Care Stores,"Cosmetics, Beauty Supplies, and Perfume Stores"
Kilian,446120,Health and Personal Care Stores,"Cosmetics, Beauty Supplies, and Perfume Stores"
Kilwins,445292,Specialty Food Stores,Confectionery and Nut Stores
King Kullen Grocery Co.,445110,Grocery Stores,Supermarkets and Other Grocery (except Convenience) Stores
Kings Food Markets,445110,Grocery Stores,Supermarkets and Other Grocery (except Convenience) Stores
Kinney Drugs,446110,Health and Personal Care Stores,Pharmacies and Drug Stores
Kirkland's,453998,Other Miscellaneous Store Retailers,All Other Miscellaneous Store Retailers (except Tobacco Stores)
Kitakata Ramen Ban Nai,722513,Restaurants and Other Eating Places,Limited-Service Restaurants
Kmart,452319,"General Merchandise Stores, including Warehouse Clubs and Supercenters",All Other General Merchandise Stores
Kmart Pharmacy,446110,Health and Personal Care Stores,Pharmacies and Drug Stores
Kohl's,452210,Department Stores,Department Stores
Koio,448210,Shoe Stores,Shoe Stores
Krispy Kreme Doughnuts,722515,Restaurants and Other Eating Places,Snack and Nonalcoholic Beverage Bars
Krispy Krunchy Chicken,722513,Restaurants and Other Eating Places,Limited-Service Restaurants
Kung Fu Tea,722515,Restaurants and Other Eating Places,Snack and Nonalcoholic Beverage Bars
Kwik Fill,447110,Gasoline Stations,Gasoline Stations with Convenience Stores
L'Occitane,446120,Health and Personal Care Stores,"Cosmetics, Beauty Supplies, and Perfume Stores"
L.L.Bean,448140,Clothing Stores,Family Clothing Stores
LA Fitness,713940,Other Amusement and Recreation Industries,Fitness and Recreational Sports Centers
LEGO,451120,"Sporting Goods, Hobby, and Musical Instrument Stores","Hobby, Toy, and Game Stores"
LIDS,448150,Clothing Stores,Clothing Accessories Stores
LOFT,448120,Clothing Stores,Women's Clothing Stores
LOFT Outlet,448120,Clothing Stores,Women's Clothing Stores
LUKOIL,447110,Gasoline Stations,Gasoline Stations with Convenience Stores
LUSH,446120,Health and Personal Care Stores,"Cosmetics, Beauty Supplies, and Perfume Stores"
La Bella Marketplace,445110,Grocery Stores,Supermarkets and Other Grocery (except Convenience) Stores
La Colombe,722513,Restaurants and Other Eating Places,Limited-Service Restaurants
La Rosa Chicken & Grill,722511,Restaurants and Other Eating Places,Full-Service Restaurants
Label Shopper,448140,Clothing Stores,Family Clothing Stores
Lacoste,448140,Clothing Stores,Family Clothing Stores
Lacrosse Unlimited,451110,"Sporting Goods, Hobby, and Musical Instrument Stores",Sporting Goods Stores
Laderach,445292,Specialty Food Stores,Confectionery and Nut Stores
Lady Foot Locker,448210,Shoe Stores,Shoe Stores
Lakeshore Learning Materials,451120,"Sporting Goods, Hobby, and Musical Instrument Stores","Hobby, Toy, and Game Stores"
Land's End,448140,Clothing Stores,Family Clothing Stores
Lane Bryant,448120,Clothing Stores,Women's Clothing Stores
LaserAway,812199,Personal Care Services,Other Personal Care Services
Lasikplus,446130,Health and Personal Care Stores,Optical Goods Stores
Launch Trampoline Park,713990,Other Amusement and Recreation Industries,All Other Amusement and Recreation Industries
Lavelier's,446120,Health and Personal Care Stores,"Cosmetics, Beauty Supplies, and Perfume Stores"
Le Labo,446120,Health and Personal Care Stores,"Cosmetics, Beauty Supplies, and Perfume Stores"
Le Pain Quotidien,722513,Restaurants and Other Eating Places,Limited-Service Restaurants
Learning Express Toys,451120,"Sporting Goods, Hobby, and Musical Instrument Stores","Hobby, Toy, and Game Stores"
Lemon Tree Family Salons,812112,Personal Care Services,Beauty Salons
LensCrafters,446130,Health and Personal Care Stores,Optical Goods Stores
Lenwich,722511,Restaurants and Other Eating Places,Full-Service Restaurants
Leslie's Swimming Pool Supplies,453998,Other Miscellaneous Store Retailers,All Other Miscellaneous Store Retailers (except Tobacco Stores)
Levels Barber Shop,812112,Personal Care Services,Beauty Salons
Levi Strauss & Co.,448140,Clothing Stores,Family Clothing Stores
Lidl,445110,Grocery Stores,Supermarkets and Other Grocery (except Convenience) Stores
Lifetime Fitness,713940,Other Amusement and Recreation Industries,Fitness and Recreational Sports Centers
Lilly Pulitzer,448140,Clothing Stores,Family Clothing Stores
Lindt,445292,Specialty Food Stores,Confectionery and Nut Stores
Lion's Den,453998,Other Miscellaneous Store Retailers,All Other Miscellaneous Store Retailers (except Tobacco Stores)
Little Caesars,722513,Restaurants and Other Eating Places,Limited-Service Restaurants
Long John Silver's,722513,Restaurants and Other Eating Places,Limited-Service Restaurants
LongHorn Steakhouse,722511,Restaurants and Other Eating Places,Full-Service Restaurants
Lord and Taylor,452210,Department Stores,Department Stores
Loro Piana,448140,Clothing Stores,Family Clothing Stores
Lou & Grey,452210,Department Stores,Department Stores
Louis Vuitton International,448140,Clothing Stores,Family Clothing Stores
Louisiana Fried Chicken,722511,Restaurants and Other Eating Places,Full-Service Restaurants
Love's Travel Stops and Country Stores,447110,Gasoline Stations,Gasoline Stations with Convenience Stores
Loving Hut Vegan Cuisine,722511,Restaurants and Other Eating Places,Full-Service Restaurants
Lucchese Boot,448210,Shoe Stores,Shoe Stores
Lucille Roberts,713940,Other Amusement and Recreation Industries,Fitness and Recreational Sports Centers
Lucky Brand,448140,Clothing Stores,Family Clothing Stores
Lucky Strike Entertainment,713950,Other Amusement and Recreation Industries,Bowling Centers
Luke's Lobster,722511,Restaurants and Other Eating Places,Full-Service Restaurants
M&M's Store,445292,Specialty Food Stores,Confectionery and Nut Stores
MAC Cosmetics,446120,Health and Personal Care Stores,"Cosmetics, Beauty Supplies, and Perfume Stores"
MCM Worldwide,448140,Clothing Stores,Family Clothing Stores
MJM Shoes,448210,Shoe Stores,Shoe Stores
MOOYAH,722513,Restaurants and Other Eating Places,Limited-Service Restaurants
Macaroni Grill,722511,Restaurants and Other Eating Places,Full-Service Restaurants
Mackenzie-Childs,453220,"Office Supplies, Stationery, and Gift Stores","Gift, Novelty, and Souvenir Stores"
Macy's,452210,Department Stores,Department Stores
Macy's Backstage,452210,Department Stores,Department Stores
Madewell,448120,Clothing Stores,Women's Clothing Stores
Maggiano's Little Italy,722511,Restaurants and Other Eating Places,Full-Service Restaurants
Maison Kayser,722513,Restaurants and Other Eating Places,Limited-Service Restaurants
Malin & Goetz,446120,Health and Personal Care Stores,"Cosmetics, Beauty Supplies, and Perfume Stores"
Mama Deluca's,722511,Restaurants and Other Eating Places,Full-Service Restaurants
Mamoun's Falafel,722511,Restaurants and Other Eating Places,Full-Service Restaurants
Manchu Wok,722511,Restaurants and Other Eating Places,Full-Service Restaurants
Mandee,448120,Clothing Stores,Women's Clothing Stores
Maplefields,445120,Grocery Stores,Convenience Stores
Marathon,447110,Gasoline Stations,Gasoline Stations with Convenience Stores
Marc Jacobs,448190,Clothing Stores,Other Clothing Stores
Marie Blachère,722513,Restaurants and Other Eating Places,Limited-Service Restaurants
Marine Layer,448140,Clothing Stores,Family Clothing Stores
Mark's Pizzeria,722511,Restaurants and Other Eating Places,Full-Service Restaurants
Market Fresh,445110,Grocery Stores,Supermarkets and Other Grocery (except Convenience) Stores
Marquee Cinemas,512131,Motion Picture and Video Industries,Motion Picture Theaters (except Drive-Ins)
Marshalls,448140,Clothing Stores,Family Clothing Stores
Massage Envy,812199,Personal Care Services,Other Personal Care Services
Mastro's Restaurants,722511,Restaurants and Other Eating Places,Full-Service Restaurants
Max Brenner,722511,Restaurants and Other Eating Places,Full-Service Restaurants
Max Mara,448140,Clothing Stores,Family Clothing Stores
Max Studio,448120,Clothing Stores,Women's Clothing Stores
Maxor Pharmacy,446110,Health and Personal Care Stores,Pharmacies and Drug Stores
Mayweather Boxing + Fitness,713940,Other Amusement and Recreation Industries,Fitness and Recreational Sports Centers
McDonald's,722513,Restaurants and Other Eating Places,Limited-Service Restaurants
Melt Shop,722511,Restaurants and Other Eating Places,Full-Service Restaurants
Menchie's,722515,Restaurants and Other Eating Places,Snack and Nonalcoholic Beverage Bars
Merle Norman Cosmetics,446120,Health and Personal Care Stores,"Cosmetics, Beauty Supplies, and Perfume Stores"
Merrell,448210,Shoe Stores,Shoe Stores
Met Foodmarkets,445110,Grocery Stores,Supermarkets and Other Grocery (except Convenience) Stores
Michael Kors,448140,Clothing Stores,Family Clothing Stores
Michaels Stores,451120,"Sporting Goods, Hobby, and Musical Instrument Stores","Hobby, Toy, and Game Stores"
Midtown Athletic Clubs,713940,Other Amusement and Recreation Industries,Fitness and Recreational Sports Centers
Mighty Quinns BBQ,722511,Restaurants and Other Eating Places,Full-Service Restaurants
Mighty Taco,722513,Restaurants and Other Eating Places,Limited-Service Restaurants
Milk Bar,722515,Restaurants and Other Eating Places,Snack and Nonalcoholic Beverage Bars
Miller's Ale House,722511,Restaurants and Other Eating Places,Full-Service Restaurants
Miracle-Ear,446199,Health and Personal Care Stores,All Other Health and Personal Care Stores
Miu Miu,448150,Clothing Stores,Clothing Accessories Stores
Mobil,447110,Gasoline Stations,Gasoline Stations with Convenience Stores
Modell's Sporting Goods,451110,"Sporting Goods, Hobby, and Musical Instrument Stores",Sporting Goods Stores
Modo Yoga,713940,Other Amusement and Recreation Industries,Fitness and Recreational Sports Centers
Moe's Southwest Grill,722511,Restaurants and Other Eating Places,Full-Service Restaurants
Molton Brown,446120,Health and Personal Care Stores,"Cosmetics, Beauty Supplies, and Perfume Stores"
Moncler,448190,Clothing Stores,Other Clothing Stores
Monster Mini Golf,713990,Other Amusement and Recreation Industries,All Other Amusement and Recreation Industries
Montblanc,448310,"Jewelry, Luggage, and Leather Goods Stores",Jewelry Stores
Morgenthal Frederics,446130,Health and Personal Care Stores,Optical Goods Stores
Morton Williams Supermarkets,445110,Grocery Stores,Supermarkets and Other Grocery (except Convenience) Stores
Morton's The Steakhouse,722511,Restaurants and Other Eating Places,Full-Service Restaurants
Movie Tavern by Marcus,512131,Motion Picture and Video Industries,Motion Picture Theaters (except Drive-Ins)
Mr Chow,722511,Restaurants and Other Eating Places,Full-Service Restaurants
Mr. Smoothie,722515,Restaurants and Other Eating Places,Snack and Nonalcoholic Beverage Bars
Mrs. Fields Gifts,445291,Specialty Food Stores,Baked Goods Stores
Muji,448140,Clothing Stores,Family Clothing Stores
Mulberry,448320,"Jewelry, Luggage, and Leather Goods Stores",Luggage and Leather Goods Stores
Muscle Maker Grill,722513,Restaurants and Other Eating Places,Limited-Service Restaurants
Music & Arts,451140,"Sporting Goods, Hobby, and Musical Instrument Stores",Musical Instrument and Supplies Stores
My Gym Children's Fitness Centers,713940,Other Amusement and Recreation Industries,Fitness and Recreational Sports Centers
NARS Cosmetics,446120,Health and Personal Care Stores,"Cosmetics, Beauty Supplies, and Perfume Stores"
NYX Cosmetics,446120,Health and Personal Care Stores,"Cosmetics, Beauty Supplies, and Perfume Stores"
Nathan's Famous,722513,Restaurants and Other Eating Places,Limited-Service Restaurants
Nautica,448140,Clothing Stores,Family Clothing Stores
Navy Exchange,452319,"General Merchandise Stores, including Warehouse Clubs and Supercenters",All Other General Merchandise Stores
Neiman Marcus,452210,Department Stores,Department Stores
Nespresso,445299,Specialty Food Stores,All Other Specialty Food Stores
Net Cost Market,445110,Grocery Stores,Supermarkets and Other Grocery (except Convenience) Stores
Neuhaus,445292,Specialty Food Stores,Confectionery and Nut Stores
New Balance,448210,Shoe Stores,Shoe Stores
New York & Company,448120,Clothing Stores,Women's Clothing Stores
New York Health & Racquet Club,713940,Other Amusement and Recreation Industries,Fitness and Recreational Sports Centers
New York Pilates,713940,Other Amusement and Recreation Industries,Fitness and Recreational Sports Centers
New York Sports Club,713940,Other Amusement and Recreation Industries,Fitness and Recreational Sports Centers
Next Level Burgers,722513,Restaurants and Other Eating Places,Limited-Service Restaurants
Nike,448210,Shoe Stores,Shoe Stores
Noodles & Company,722511,Restaurants and Other Eating Places,Full-Service Restaurants
Nordstrom,448140,Clothing Stores,Family Clothing Stores
Nordstrom Local,448140,Clothing Stores,Family Clothing Stores
Nordstrom Rack,448140,Clothing Stores,Family Clothing Stores
North Shore Farms,445110,Grocery Stores,Supermarkets and Other Grocery (except Convenience) Stores
NrGize Lifestyle Cafe,722515,Restaurants and Other Eating Places,Snack and Nonalcoholic Beverage Bars
NutriMost,812191,Personal Care Services,Diet and Weight Reducing Centers
Nutrishop,446191,Health and Personal Care Stores,Food (Health) Supplement Stores
Oakley,446130,Health and Personal Care Stores,Optical Goods Stores
Obicá,722511,Restaurants and Other Eating Places,Full-Service Restaurants
Ocean Prime,722511,Restaurants and Other Eating Places,Full-Service Restaurants
Ocean State Job Lot,452319,"General Merchandise Stores, including Warehouse Clubs and Supercenters",All Other General Merchandise Stores
OddFellows Ice Cream Co,722513,Restaurants and Other Eating Places,Limited-Service Restaurants
Office Depot,453210,"Office Supplies, Stationery, and Gift Stores",Office Supplies and Stationery Stores
OfficeMax,453210,"Office Supplies, Stationery, and Gift Stores",Office Supplies and Stationery Stores
Oh Nuts,445292,Specialty Food Stores,Confectionery and Nut Stores
Old Country Buffet,722514,Restaurants and Other Eating Places,"Cafeterias, Grill Buffets, and Buffets"
Old Navy,448140,Clothing Stores,Family Clothing Stores
Olive Garden,722511,Restaurants and Other Eating Places,Full-Service Restaurants
Oliver Peoples,446130,Health and Personal Care Stores,Optical Goods Stores
Ollie's Bargain Outlet,452319,"General Merchandise Stores, including Warehouse Clubs and Supercenters",All Other General Merchandise Stores
Olympia Sports,451110,"Sporting Goods, Hobby, and Musical Instrument Stores",Sporting Goods Stores
Omaha Steaks,445210,Specialty Food Stores,Meat Markets
On The Border,722511,Restaurants and Other Eating Places,Full-Service Restaurants
Once Upon a Child,453310,Used Merchandise Stores,Used Merchandise Stores
Orangetheory Fitness,713940,Other Amusement and Recreation Industries,Fitness and Recreational Sports Centers
Orvis,451110,"Sporting Goods, Hobby, and Musical Instrument Stores",Sporting Goods Stores
OshKosh B'gosh,448130,Clothing Stores,Children's and Infants' Clothing Stores
Out of the Closet,453310,Used Merchandise Stores,Used Merchandise Stores
Outback Steakhouse,722511,Restaurants and Other Eating Places,Full-Service Restaurants
Outdoor Voices,448140,Clothing Stores,Family Clothing Stores
P.F. Chang's China Bistro,722511,Restaurants and Other Eating Places,Full-Service Restaurants
PACK-RAT,532289,Consumer Goods Rental,All Other Consumer Goods Rental
PGA TOUR Superstore,451110,"Sporting Goods, Hobby, and Musical Instrument Stores",Sporting Goods Stores
PUMA,448210,Shoe Stores,Shoe Stores
PacSun,448140,Clothing Stores,Family Clothing Stores
PanIQ Escape Room,713990,Other Amusement and Recreation Industries,All Other Amusement and Recreation Industries
Panda Express,722513,Restaurants and Other Eating Places,Limited-Service Restaurants
Pandora,448310,"Jewelry, Luggage, and Leather Goods Stores",Jewelry Stores
Panera Bread,722515,Restaurants and Other Eating Places,Snack and Nonalcoholic Beverage Bars
Papa John's,722513,Restaurants and Other Eating Places,Limited-Service Restaurants
Papaya Clothing,448120,Clothing Stores,Women's Clothing Stores
Paper Source,453210,"Office Supplies, Stationery, and Gift Stores",Office Supplies and Stationery Stores
Papyrus,453210,"Office Supplies, Stationery, and Gift Stores",Office Supplies and Stationery Stores
Paris Baguette,722511,Restaurants and Other Eating Places,Full-Service Restaurants
Party City,453220,"Office Supplies, Stationery, and Gift Stores","Gift, Novelty, and Souvenir Stores"
Pastosa Ravioli,445299,Specialty Food Stores,All Other Specialty Food Stores
Pat's Marketplace,445110,Grocery Stores,Supermarkets and Other Grocery (except Convenience) Stores
Patagonia,448140,Clothing Stores,Family Clothing Stores
Patel Brothers,445110,Grocery Stores,Supermarkets and Other Grocery (except Convenience) Stores
Paul Smith,448140,Clothing Stores,Family Clothing Stores
Peace Love and Little Donuts,722515,Restaurants and Other Eating Places,Snack and Nonalcoholic Beverage Bars
Peachwave Yogurt,722513,Restaurants and Other Eating Places,Limited-Service Restaurants
Pearle Vision,446130,Health and Personal Care Stores,Optical Goods Stores
Peck's Market,445110,Grocery Stores,Supermarkets and Other Grocery (except Convenience) Stores
Peet's Coffee and Tea,722515,Restaurants and Other Eating Places,Snack and Nonalcoholic Beverage Bars
Penseys,453998,Other Miscellaneous Store Retailers,All Other Miscellaneous Store Retailers (except Tobacco Stores)
Pepper Palace,445299,Specialty Food Stores,All Other Specialty Food Stores
Perfumania,446120,Health and Personal Care Stores,"Cosmetics, Beauty Supplies, and Perfume Stores"
Perfumes 4 U,446120,Health and Personal Care Stores,"Cosmetics, Beauty Supplies, and Perfume Stores"
Perkins Restaurant & Bakery,722511,Restaurants and Other Eating Places,Full-Service Restaurants
Pet Pantry Warehouse,453910,Other Miscellaneous Store Retailers,Pet and Pet Supplies Stores
Pet Supplies Plus,453910,Other Miscellaneous Store Retailers,Pet and Pet Supplies Stores
PetSmart,453910,Other Miscellaneous Store Retailers,Pet and Pet Supplies Stores
Petco,453910,Other Miscellaneous Store Retailers,Pet and Pet Supplies Stores
Peter Millar,448140,Clothing Stores,Family Clothing Stores
Pets Warehouse,453910,Other Miscellaneous Store Retailers,Pet and Pet Supplies Stores
Phenix Salon Suites,812112,Personal Care Services,Beauty Salons
Phillips 66,447110,Gasoline Stations,Gasoline Stations with Convenience Stores
Philly Pretzel Factory,445291,Specialty Food Stores,Baked Goods Stores
Physique57,713940,Other Amusement and Recreation Industries,Fitness and Recreational Sports Centers
Pilot Flying J,447110,Gasoline Stations,Gasoline Stations with Convenience Stores
Pinkberry,722515,Restaurants and Other Eating Places,Snack and Nonalcoholic Beverage Bars
Pinot's Palette,451120,"Sporting Goods, Hobby, and Musical Instrument Stores","Hobby, Toy, and Game Stores"
Pioneer Supermarkets,445110,Grocery Stores,Supermarkets and Other Grocery (except Convenience) Stores
Pit Stop,447110,Gasoline Stations,Gasoline Stations with Convenience Stores
Pita Pit,722513,Restaurants and Other Eating Places,Limited-Service Restaurants
Pizza Hut,722513,Restaurants and Other Eating Places,Limited-Service Restaurants
Pizza Studio,722511,Restaurants and Other Eating Places,Full-Service Restaurants
Planet Beach,812199,Personal Care Services,Other Personal Care Services
Planet Fitness,713940,Other Amusement and Recreation Industries,Fitness and Recreational Sports Centers
Planet Smoothie,722515,Restaurants and Other Eating Places,Snack and Nonalcoholic Beverage Bars
Planet Wings,722513,Restaurants and Other Eating Places,Limited-Service Restaurants
Plato's Closet,453310,Used Merchandise Stores,Used Merchandise Stores
Play It Again Sports,451110,"Sporting Goods, Hobby, and Musical Instrument Stores",Sporting Goods Stores
Playa Bowls,722515,Restaurants and Other Eating Places,Snack and Nonalcoholic Beverage Bars
Poke Bar,722513,Restaurants and Other Eating Places,Limited-Service Restaurants
Poke Works,722513,Restaurants and Other Eating Places,Limited-Service Restaurants
Pollo Campero,722513,Restaurants and Other Eating Places,Limited-Service Restaurants
Pontillo's Pizzeria,722511,Restaurants and Other Eating Places,Full-Service Restaurants
Pop Physique,713940,Other Amusement and Recreation Industries,Fitness and Recreational Sports Centers
Popbar,722513,Restaurants and Other Eating Places,Limited-Service Restaurants
Popeyes Louisiana Kitchen,722513,Restaurants and Other Eating Places,Limited-Service Restaurants
Potbelly Sandwich Works,722513,Restaurants and Other Eating Places,Limited-Service Restaurants
Powerhouse Gym,713940,Other Amusement and Recreation Industries,Fitness and Recreational Sports Centers
Prada,448140,Clothing Stores,Family Clothing Stores
Pressed Juicery,722515,Restaurants and Other Eating Places,Snack and Nonalcoholic Beverage Bars
Pret A Manger,722513,Restaurants and Other Eating Places,Limited-Service Restaurants
Pretzelmaker,445291,Specialty Food Stores,Baked Goods Stores
Price Chopper,445110,Grocery Stores,Supermarkets and Other Grocery (except Convenience) Stores
PriceRite,445110,Grocery Stores,Supermarkets and Other Grocery (except Convenience) Stores
Proper Food,722513,Restaurants and Other Eating Places,Limited-Service Restaurants
Pure Barre,713940,Other Amusement and Recreation Industries,Fitness and Recreational Sports Centers
Pure Hockey,451110,"Sporting Goods, Hobby, and Musical Instrument Stores",Sporting Goods Stores
Qdoba Mexican Grill,722513,Restaurants and Other Eating Places,Limited-Service Restaurants
QuickChek,447110,Gasoline Stations,Gasoline Stations with Convenience Stores
REI,451110,"Sporting Goods, Hobby, and Musical Instrument Stores",Sporting Goods Stores
REISS,448120,Clothing Stores,Women's Clothing Stores
Ra Sushi,722511,Restaurants and Other Eating Places,Full-Service Restaurants
Rag & Bone,448140,Clothing Stores,Family Clothing Stores
Rainbow Shops,448140,Clothing Stores,Family Clothing Stores
Rajbhog Food,722511,Restaurants and Other Eating Places,Full-Service Restaurants
Ralph Lauren,448140,Clothing Stores,Family Clothing Stores
Ralph's Italian ices & Ice Cream,722515,Restaurants and Other Eating Places,Snack and Nonalcoholic Beverage Bars
Ray-Ban,446130,Health and Personal Care Stores,Optical Goods Stores
Red Lobster,722511,Restaurants and Other Eating Places,Full-Service Restaurants
Red Mango,722515,Restaurants and Other Eating Places,Snack and Nonalcoholic Beverage Bars
Red Robin Gourmet Burgers,722513,Restaurants and Other Eating Places,Limited-Service Restaurants
Red Wing Shoes,448210,Shoe Stores,Shoe Stores
Reebok,448210,Shoe Stores,Shoe Stores
Reformation,448120,Clothing Stores,Women's Clothing Stores
Regal Entertainment Group,512131,Motion Picture and Video Industries,Motion Picture Theaters (except Drive-Ins)
Retro Fitness,713940,Other Amusement and Recreation Industries,Fitness and Recreational Sports Centers
Riley Rose,446120,Health and Personal Care Stores,"Cosmetics, Beauty Supplies, and Perfume Stores"
Ripley's Entertainment Inc,713110,Amusement Parks and Arcades,Amusement and Theme Parks
Rita's Italian Ice,722513,Restaurants and Other Eating Places,Limited-Service Restaurants
Rite Aid,446110,Health and Personal Care Stores,Pharmacies and Drug Stores
Rite Aid Pharmacy,446110,Health and Personal Care Stores,Pharmacies and Drug Stores
Rituals Cosmetics,446120,Health and Personal Care Stores,"Cosmetics, Beauty Supplies, and Perfume Stores"
Rocket Fizz,445292,Specialty Food Stores,Confectionery and Nut Stores
Rockin' Jump,713990,Other Amusement and Recreation Industries,All Other Amusement and Recreation Industries
Rocky Mountain Chocolate Factory,445292,Specialty Food Stores,Confectionery and Nut Stores
Roly Poly,722511,Restaurants and Other Eating Places,Full-Service Restaurants
Rosa Mexicano,722511,Restaurants and Other Eating Places,Full-Service Restaurants
Roti Mediterranean Grill,722513,Restaurants and Other Eating Places,Limited-Service Restaurants
Round One Entertainment,713120,Amusement Parks and Arcades,Amusement Arcades
Row House,713940,Other Amusement and Recreation Industries,Fitness and Recreational Sports Centers
Roy Rogers,722513,Restaurants and Other Eating Places,Limited-Service Restaurants
Royal Beauty Supply,446120,Health and Personal Care Stores,"Cosmetics, Beauty Supplies, and Perfume Stores"
Ruby Tuesday,722511,Restaurants and Other Eating Places,Full-Service Restaurants
Rumble,713940,Other Amusement and Recreation Industries,Fitness and Recreational Sports Centers
Ruth's Chris Steak House,722511,Restaurants and Other Eating Places,Full-Service Restaurants
SAS San Antonio Shoemakers,448210,Shoe Stores,Shoe Stores
SHOP 'n SAVE Supermarkets,445110,Grocery Stores,Supermarkets and Other Grocery (except Convenience) Stores
SLT,713940,Other Amusement and Recreation Industries,Fitness and Recreational Sports Centers
SNIPES,448210,Shoe Stores,Shoe Stores
SNS SneakersnStuff,448210,Shoe Stores,Shoe Stores
SPENGA,713940,Other Amusement and Recreation Industries,Fitness and Recreational Sports Centers
Sabon,446120,Health and Personal Care Stores,"Cosmetics, Beauty Supplies, and Perfume Stores"
Saint Laurent,448120,Clothing Stores,Women's Clothing Stores
Saje,446191,Health and Personal Care Stores,Food (Health) Supplement Stores
Saks Fifth Avenue,452210,Department Stores,Department Stores
Saks Off Fifth,452210,Department Stores,Department Stores
Salata,722513,Restaurants and Other Eating Places,Limited-Service Restaurants
Sally Beauty Supply,446120,Health and Personal Care Stores,"Cosmetics, Beauty Supplies, and Perfume Stores"
Salons by JC,812112,Personal Care Services,Beauty Salons
Salsa Fresca Mexican Grill,722511,Restaurants and Other Eating Places,Full-Service Restaurants
Salsarita's Fresh Cantina,722513,Restaurants and Other Eating Places,Limited-Service Restaurants
Salvatore's,722511,Restaurants and Other Eating Places,Full-Service Restaurants
Sam Ash Music,451140,"Sporting Goods, Hobby, and Musical Instrument Stores",Musical Instrument and Supplies Stores
Sam Edelman,448210,Shoe Stores,Shoe Stores
Sam's Club,452311,"General Merchandise Stores, including Warehouse Clubs and Supercenters",Warehouse Clubs and Supercenters
Sam's Club Fuel Center,447110,Gasoline Stations,Gasoline Stations with Convenience Stores
Samsonite,448320,"Jewelry, Luggage, and Leather Goods Stores",Luggage and Leather Goods Stores
Sandro,448140,Clothing Stores,Family Clothing Stores
Saravana Bhavan,722513,Restaurants and Other Eating Places,Limited-Service Restaurants
Sarku Japan,722513,Restaurants and Other Eating Places,Limited-Service Restaurants
SavOn,445120,Grocery Stores,Convenience Stores
Save-A-Lot,445110,Grocery Stores,Supermarkets and Other Grocery (except Convenience) Stores
Savers Thrift Stores,453310,Used Merchandise Stores,Used Merchandise Stores
Sbarro,722513,Restaurants and Other Eating Places,Limited-Service Restaurants
Schnippers,722511,Restaurants and Other Eating Places,Full-Service Restaurants
Scotch and Soda,448140,Clothing Stores,Family Clothing Stores
Scrubs & Beyond,448190,Clothing Stores,Other Clothing Stores
Sears,452210,Department Stores,Department Stores
Sears Home Services,452210,Department Stores,Department Stores
Sears Hometown Store,452210,Department Stores,Department Stores
Sears Outlet Store,452210,Department Stores,Department Stores
Seasons 52,722511,Restaurants and Other Eating Places,Full-Service Restaurants
See,446130,Health and Personal Care Stores,Optical Goods Stores
See's Candies,445292,Specialty Food Stores,Confectionery and Nut Stores
Sephora,446120,Health and Personal Care Stores,"Cosmetics, Beauty Supplies, and Perfume Stores"
Shake Shack,722513,Restaurants and Other Eating Places,Limited-Service Restaurants
Sharkey's Cuts for Kids,812112,Personal Care Services,Beauty Salons
Shell Oil,447110,Gasoline Stations,Gasoline Stations with Convenience Stores
Shinola,448310,"Jewelry, Luggage, and Leather Goods Stores",Jewelry Stores
Shoe Carnival,448210,Shoe Stores,Shoe Stores
Shoe Dept Encore,448210,Shoe Stores,Shoe Stores
ShopRite,445110,Grocery Stores,Supermarkets and Other Grocery (except Convenience) Stores
ShopRite Pharmacy,446110,Health and Personal Care Stores,Pharmacies and Drug Stores
Shoppers World,448130,Clothing Stores,Children's and Infants' Clothing Stores
Showcase Cinemas,512131,Motion Picture and Video Industries,Motion Picture Theaters (except Drive-Ins)
Sierra,451110,"Sporting Goods, Hobby, and Musical Instrument Stores",Sporting Goods Stores
Sinclair Oil,447110,Gasoline Stations,Gasoline Stations with Convenience Stores
Singas Famous Pizza,722511,Restaurants and Other Eating Places,Full-Service Restaurants
Six Flags,713110,Amusement Parks and Arcades,Amusement and Theme Parks
Skechers,448210,Shoe Stores,Shoe Stores
Sky Zone,713990,Other Amusement and Recreation Industries,All Other Amusement and Recreation Industries
SmartStyle Family Hair Salons,812112,Personal Care Services,Beauty Salons
Smashburger,722513,Restaurants and Other Eating Places,Limited-Service Restaurants
Smith & Wollensky,722511,Restaurants and Other Eating Places,Full-Service Restaurants
Smith's Food & Drug Stores,445110,Grocery Stores,Supermarkets and Other Grocery (except Convenience) Stores
Smokers Choice,453991,Other Miscellaneous Store Retailers,Tobacco Stores
Smokey Bones,722410,Drinking Places (Alcoholic Beverages),Drinking Places (Alcoholic Beverages)
Smoothie King,722515,Restaurants and Other Eating Places,Snack and Nonalcoholic Beverage Bars
Snap Fitness,713940,Other Amusement and Recreation Industries,Fitness and Recreational Sports Centers
Snip-its,812112,Personal Care Services,Beauty Salons
SoBol Acai Bowls & Beyond,722511,Restaurants and Other Eating Places,Full-Service Restaurants
Soccer Post,451110,"Sporting Goods, Hobby, and Musical Instrument Stores",Sporting Goods Stores
Sola Salon Studios,812112,Personal Care Services,Beauty Salons
Solstice Sunglasses,453998,Other Miscellaneous Store Retailers,All Other Miscellaneous Store Retailers (except Tobacco Stores)
Soma Intimates,448150,Clothing Stores,Clothing Accessories Stores
Sonic,722513,Restaurants and Other Eating Places,Limited-Service Restaurants
SoulCycle,713940,Other Amusement and Recreation Industries,Fitness and Recreational Sports Centers
Space NK,446120,Health and Personal Care Stores,"Cosmetics, Beauty Supplies, and Perfume Stores"
Spaghetti Warehouse Restaurant,722511,Restaurants and Other Eating Places,Full-Service Restaurants
Speedway,447110,Gasoline Stations,Gasoline Stations with Convenience Stores
Spencer's,453220,"Office Supplies, Stationery, and Gift Stores","Gift, Novelty, and Souvenir Stores"
Sperry Top-Sider,448210,Shoe Stores,Shoe Stores
Splendid,448140,Clothing Stores,Family Clothing Stores
Sportsman's Warehouse,451110,"Sporting Goods, Hobby, and Musical Instrument Stores",Sporting Goods Stores
Sprinkles,722511,Restaurants and Other Eating Places,Full-Service Restaurants
Spunk Fitness,713940,Other Amusement and Recreation Industries,Fitness and Recreational Sports Centers
Stanton Optical,446130,Health and Personal Care Stores,Optical Goods Stores
Staples,453210,"Office Supplies, Stationery, and Gift Stores",Office Supplies and Stationery Stores
Starbucks,722515,Restaurants and Other Eating Places,Snack and Nonalcoholic Beverage Bars
Stein Mart,452319,"General Merchandise Stores, including Warehouse Clubs and Supercenters",All Other General Merchandise Stores
Sterling Optical,446130,Health and Personal Care Stores,Optical Goods Stores
Steve Madden,448210,Shoe Stores,Shoe Stores
Stew Leonard's,445110,Grocery Stores,Supermarkets and Other Grocery (except Convenience) Stores
Stewart's Shops,445120,Grocery Stores,Convenience Stores
Stop & Shop,445110,Grocery Stores,Supermarkets and Other Grocery (except Convenience) Stores
Stop & Shop Pharmacy,446110,Health and Personal Care Stores,Pharmacies and Drug Stores
Street Corner,447110,Gasoline Stations,Gasoline Stations with Convenience Stores
StretchLab,713940,Other Amusement and Recreation Industries,Fitness and Recreational Sports Centers
Stride Rite,448210,Shoe Stores,Shoe Stores
Stuart Weitzman,448210,Shoe Stores,Shoe Stores
Style Encore,448120,Clothing Stores,Women's Clothing Stores
Subway,722513,Restaurants and Other Eating Places,Limited-Service Restaurants
Sugarfina,445292,Specialty Food Stores,Confectionery and Nut Stores
Sugarfish,722511,Restaurants and Other Eating Places,Full-Service Restaurants
SuitSupply,448110,Clothing Stores,Men's Clothing Stores
Sun & Ski Sports,451110,"Sporting Goods, Hobby, and Musical Instrument Stores",Sporting Goods Stores
Sunglass Hut,446130,Health and Personal Care Stores,Optical Goods Stores
Sunmerry,722515,Restaurants and Other Eating Places,Snack and Nonalcoholic Beverage Bars
Sunoco,447110,Gasoline Stations,Gasoline Stations with Convenience Stores
Super Health Pharmacy,446110,Health and Personal Care Stores,Pharmacies and Drug Stores
Super Shoes,448210,Shoe Stores,Shoe Stores
Supercuts,812112,Personal Care Services,Beauty Salons
Superdry,448140,Clothing Stores,Family Clothing Stores
Superfresh,445110,Grocery Stores,Supermarkets and Other Grocery (except Convenience) Stores
Surf City Squeeze,722515,Restaurants and Other Eating Places,Snack and Nonalcoholic Beverage Bars
Swatch,448310,"Jewelry, Luggage, and Leather Goods Stores",Jewelry Stores
Sweaty Betty,448120,Clothing Stores,Women's Clothing Stores
Sweet Chick,722511,Restaurants and Other Eating Places,Full-Service Restaurants
Sweet Frog,722513,Restaurants and Other Eating Places,Limited-Service Restaurants
T.J. Maxx,452210,Department Stores,Department Stores
TCBY,722515,Restaurants and Other Eating Places,Snack and Nonalcoholic Beverage Bars
TGI Fridays,722511,Restaurants and Other Eating Places,Full-Service Restaurants
THE MAX Challenge,713940,Other Amusement and Recreation Industries,Fitness and Recreational Sports Centers
TITLE Boxing Club,713940,Other Amusement and Recreation Industries,Fitness and Recreational Sports Centers
TOM FORD,448120,Clothing Stores,Women's Clothing Stores
Taco Bell,722513,Restaurants and Other Eating Places,Limited-Service Restaurants
Tag Heuer,448310,"Jewelry, Luggage, and Leather Goods Stores",Jewelry Stores
Talbots,448120,Clothing Stores,Women's Clothing Stores
Tapout Fitness,713940,Other Amusement and Recreation Industries,Fitness and Recreational Sports Centers
Target,452311,"General Merchandise Stores, including Warehouse Clubs and Supercenters",Warehouse Clubs and Supercenters
Tasti DLite,722515,Restaurants and Other Eating Places,Snack and Nonalcoholic Beverage Bars
Ted Baker,448140,Clothing Stores,Family Clothing Stores
Ten Thousand Villages,453220,"Office Supplies, Stationery, and Gift Stores","Gift, Novelty, and Souvenir Stores"
Tender Greens,722511,Restaurants and Other Eating Places,Full-Service Restaurants
Texas Chicken and Burgers,722513,Restaurants and Other Eating Places,Limited-Service Restaurants
Texas Roadhouse,722511,Restaurants and Other Eating Places,Full-Service Restaurants
Texas de Brazil,722511,Restaurants and Other Eating Places,Full-Service Restaurants
The Ainsworth,722511,Restaurants and Other Eating Places,Full-Service Restaurants
The Art of Shaving,453998,Other Miscellaneous Store Retailers,All Other Miscellaneous Store Retailers (except Tobacco Stores)
The Bar Method,713940,Other Amusement and Recreation Industries,Fitness and Recreational Sports Centers
The Body Shop,446120,Health and Personal Care Stores,"Cosmetics, Beauty Supplies, and Perfume Stores"
The Book Rack,451211,Book Stores and News Dealers,Book Stores
The Burger Joint,722513,Restaurants and Other Eating Places,Limited-Service Restaurants
The Capital Grille,722511,Restaurants and Other Eating Places,Full-Service Restaurants
The Center for Medical Weight Loss,812199,Personal Care Services,Other Personal Care Services
The Cheesecake Factory,722511,Restaurants and Other Eating Places,Full-Service Restaurants
The Children's Place,448130,Clothing Stores,Children's and Infants' Clothing Stores
The Counter,722511,Restaurants and Other Eating Places,Full-Service Restaurants
The Exchange,448140,Clothing Stores,Family Clothing Stores
The Food Emporium,445110,Grocery Stores,Supermarkets and Other Grocery (except Convenience) Stores
The Fresh Market,445110,Grocery Stores,Supermarkets and Other Grocery (except Convenience) Stores
The Good Feet Store,448210,Shoe Stores,Shoe Stores
The Granola Bar,722513,Restaurants and Other Eating Places,Limited-Service Restaurants
The Great American Bagel,722513,Restaurants and Other Eating Places,Limited-Service Restaurants
The Green Turtle,722511,Restaurants and Other Eating Places,Full-Service Restaurants
The Halal Guys,722513,Restaurants and Other Eating Places,Limited-Service Restaurants
The Honey Baked Ham Co.,722513,Restaurants and Other Eating Places,Limited-Service Restaurants
The Hummus & Pita Co,722511,Restaurants and Other Eating Places,Full-Service Restaurants
The Juice Shop Kitchen & Juicery,722515,Restaurants and Other Eating Places,Snack and Nonalcoholic Beverage Bars
The Little Beet,722513,Restaurants and Other Eating Places,Limited-Service Restaurants
The Little Gym,713940,Other Amusement and Recreation Industries,Fitness and Recreational Sports Centers
The Meadows,722515,Restaurants and Other Eating Places,Snack and Nonalcoholic Beverage Bars
The Medicine Shoppe,446110,Health and Personal Care Stores,Pharmacies and Drug Stores
The Melting Pot Restaurant,722511,Restaurants and Other Eating Places,Full-Service Restaurants
The Men's Wearhouse,448110,Clothing Stores,Men's Clothing Stores
The North Face,451110,"Sporting Goods, Hobby, and Musical Instrument Stores",Sporting Goods Stores
The Original Pancake House,722511,Restaurants and Other Eating Places,Full-Service Restaurants
The Palm Restaurant,722511,Restaurants and Other Eating Places,Full-Service Restaurants
The Paper Store,453220,"Office Supplies, Stationery, and Gift Stores","Gift, Novelty, and Souvenir Stores"
The RealReal,448120,Clothing Stores,Women's Clothing Stores
The Salvation Army,453310,Used Merchandise Stores,Used Merchandise Stores
The Uniform Outlet,448190,Clothing Stores,Other Clothing Stores
The Vitamin Shoppe,446191,Health and Personal Care Stores,Food (Health) Supplement Stores
Theory,448140,Clothing Stores,Family Clothing Stores
Things Remembered,453220,"Office Supplies, Stationery, and Gift Stores","Gift, Novelty, and Souvenir Stores"
Thrifyway Pharmacy,446110,Health and Personal Care Stores,Pharmacies and Drug Stores
Tiffany & Co.,448310,"Jewelry, Luggage, and Leather Goods Stores",Jewelry Stores
Tilly's,448140,Clothing Stores,Family Clothing Stores
Tim Hortons,722515,Restaurants and Other Eating Places,Snack and Nonalcoholic Beverage Bars
Tim Howan,722513,Restaurants and Other Eating Places,Limited-Service Restaurants
Timberland,448210,Shoe Stores,Shoe Stores
Timbuk2,448320,"Jewelry, Luggage, and Leather Goods Stores",Luggage and Leather Goods Stores
Timex,448310,"Jewelry, Luggage, and Leather Goods Stores",Jewelry Stores
Tod's,448190,Clothing Stores,Other Clothing Stores
Todd Synder,448110,Clothing Stores,Men's Clothing Stores
Tom James,448140,Clothing Stores,Family Clothing Stores
Tommy Bahama,448140,Clothing Stores,Family Clothing Stores
Tommy Hilfiger,448140,Clothing Stores,Family Clothing Stores
Topgolf,713990,Other Amusement and Recreation Industries,All Other Amusement and Recreation Industries
Tops Friendly Markets,445110,Grocery Stores,Supermarkets and Other Grocery (except Convenience) Stores
Tops Pharmacy,446110,Health and Personal Care Stores,Pharmacies and Drug Stores
Torrid,448120,Clothing Stores,Women's Clothing Stores
Tory Burch,448120,Clothing Stores,Women's Clothing Stores
Total Wine & More,445310,"Beer, Wine, and Liquor Stores","Beer, Wine, and Liquor Stores"
Tourneau,448310,"Jewelry, Luggage, and Leather Goods Stores",Jewelry Stores
Trade Fair Supermarket,445110,Grocery Stores,Supermarkets and Other Grocery (except Convenience) Stores
Trader Joe's,445110,Grocery Stores,Supermarkets and Other Grocery (except Convenience) Stores
TravelCenters of America,447110,Gasoline Stations,Gasoline Stations with Convenience Stores
Tropical Smoothie Café,722515,Restaurants and Other Eating Places,Snack and Nonalcoholic Beverage Bars
True Food Kitchen,722511,Restaurants and Other Eating Places,Full-Service Restaurants
True Religion Apparel,448110,Clothing Stores,Men's Clothing Stores
Tuesday Morning,452319,"General Merchandise Stores, including Warehouse Clubs and Supercenters",All Other General Merchandise Stores
Tumi,448320,"Jewelry, Luggage, and Leather Goods Stores",Luggage and Leather Goods Stores
Tutti Frutti,722515,Restaurants and Other Eating Places,Snack and Nonalcoholic Beverage Bars
Tuxedo Junction,448110,Clothing Stores,Men's Clothing Stores
Tuxedo by Sarno,448190,Clothing Stores,Other Clothing Stores
U.S. Polo Assn.,448140,Clothing Stores,Family Clothing Stores
UFC Gym,713940,Other Amusement and Recreation Industries,Fitness and Recreational Sports Centers
UGG,448210,Shoe Stores,Shoe Stores
ULTA Beauty,446120,Health and Personal Care Stores,"Cosmetics, Beauty Supplies, and Perfume Stores"
Umami Burger,722511,Restaurants and Other Eating Places,Full-Service Restaurants
Uncle Giuseppe's,445110,Grocery Stores,Supermarkets and Other Grocery (except Convenience) Stores
Uncle Louie G,722515,Restaurants and Other Eating Places,Snack and Nonalcoholic Beverage Bars
Under Armour,448190,Clothing Stores,Other Clothing Stores
Uni K Wax,812112,Personal Care Services,Beauty Salons
Uni Mart,447110,Gasoline Stations,Gasoline Stations with Convenience Stores
Uniqlo,448140,Clothing Stores,Family Clothing Stores
United Taekwondo Center,713940,Other Amusement and Recreation Industries,Fitness and Recreational Sports Centers
Unleashed by Petco,453910,Other Miscellaneous Store Retailers,Pet and Pet Supplies Stores
Uno Chicago Grill,722511,Restaurants and Other Eating Places,Full-Service Restaurants
Untuck It,448140,Clothing Stores,Family Clothing Stores
Urban Air Trampoline Park,713990,Other Amusement and Recreation Industries,All Other Amusement and Recreation Industries
Urban Outfitters,448140,Clothing Stores,Family Clothing Stores
Urban Zen,448190,Clothing Stores,Other Clothing Stores
VIM,448140,Clothing Stores,Family Clothing Stores
VP Racing Fuels,447110,Gasoline Stations,Gasoline Stations with Convenience Stores
Valentino,448140,Clothing Stores,Family Clothing Stores
Valero Energy,447110,Gasoline Stations,Gasoline Stations with Convenience Stores
Value City Furniture,452210,Department Stores,Department Stores
Van Cleef & Arpels,448310,"Jewelry, Luggage, and Leather Goods Stores",Jewelry Stores
Van Heusen,448110,Clothing Stores,Men's Clothing Stores
Van Leeuwen Artisan Ice Cream,722513,Restaurants and Other Eating Places,Limited-Service Restaurants
Vans,448210,Shoe Stores,Shoe Stores
Vapiano,722511,Restaurants and Other Eating Places,Full-Service Restaurants
Veggie Grill,722511,Restaurants and Other Eating Places,Full-Service Restaurants
Vera Bradley,448320,"Jewelry, Luggage, and Leather Goods Stores",Luggage and Leather Goods Stores
Vera Wang,448120,Clothing Stores,Women's Clothing Stores
Versace,448140,Clothing Stores,Family Clothing Stores
Versona,448120,Clothing Stores,Women's Clothing Stores
Victoria's Secret,448120,Clothing Stores,Women's Clothing Stores
Vilebrequin,448150,Clothing Stores,Clothing Accessories Stores
Villa Italian Kitchen,722511,Restaurants and Other Eating Places,Full-Service Restaurants
Vince.,448150,Clothing Stores,Clothing Accessories Stores
Vino 100,445310,"Beer, Wine, and Liquor Stores","Beer, Wine, and Liquor Stores"
Vitality Bowls,722513,Restaurants and Other Eating Places,Limited-Service Restaurants
Vitamin World,446191,Health and Personal Care Stores,Food (Health) Supplement Stores
Vivi Bubble Tea,722515,Restaurants and Other Eating Places,Snack and Nonalcoholic Beverage Bars
Volcom,448140,Clothing Stores,Family Clothing Stores
Wagamama,722511,Restaurants and Other Eating Places,Full-Service Restaurants
Walgreens,446110,Health and Personal Care Stores,Pharmacies and Drug Stores
Walgreens Pharmacy,446110,Health and Personal Care Stores,Pharmacies and Drug Stores
Walmart,452311,"General Merchandise Stores, including Warehouse Clubs and Supercenters",Warehouse Clubs and Supercenters
Walmart Pharmacy,446110,Health and Personal Care Stores,Pharmacies and Drug Stores
Walmart Vision Center,446130,Health and Personal Care Stores,Optical Goods Stores
Warby Parker,446130,Health and Personal Care Stores,Optical Goods Stores
Warhammer,451120,"Sporting Goods, Hobby, and Musical Instrument Stores","Hobby, Toy, and Game Stores"
Wasabi,722513,Restaurants and Other Eating Places,Limited-Service Restaurants
Watch Station,448120,Clothing Stores,Women's Clothing Stores
Wayback Burgers,722513,Restaurants and Other Eating Places,Limited-Service Restaurants
Wegmans Food Markets,445110,Grocery Stores,Supermarkets and Other Grocery (except Convenience) Stores
Weight Watchers,812191,Personal Care Services,Diet and Weight Reducing Centers
Weis Markets,445110,Grocery Stores,Supermarkets and Other Grocery (except Convenience) Stores
Wendy's,722513,Restaurants and Other Eating Places,Limited-Service Restaurants
Western Beef,445110,Grocery Stores,Supermarkets and Other Grocery (except Convenience) Stores
Westville,722511,Restaurants and Other Eating Places,Full-Service Restaurants
Wetzel's Pretzels,722513,Restaurants and Other Eating Places,Limited-Service Restaurants
White Castle,722513,Restaurants and Other Eating Places,Limited-Service Restaurants
White House Black Market,448120,Clothing Stores,Women's Clothing Stores
Whole Foods Market,445110,Grocery Stores,Supermarkets and Other Grocery (except Convenience) Stores
Wichcraft,722513,Restaurants and Other Eating Places,Limited-Service Restaurants
Wild Birds Unlimited,453910,Other Miscellaneous Store Retailers,Pet and Pet Supplies Stores
Wild by Nature,445110,Grocery Stores,Supermarkets and Other Grocery (except Convenience) Stores
Wilsons,448190,Clothing Stores,Other Clothing Stores
Windsor,448120,Clothing Stores,Women's Clothing Stores
Wing Zone,722513,Restaurants and Other Eating Places,Limited-Service Restaurants
Wings Over,722511,Restaurants and Other Eating Places,Full-Service Restaurants
Wingstop,722513,Restaurants and Other Eating Places,Limited-Service Restaurants
Wolford,448120,Clothing Stores,Women's Clothing Stores
Woof Gang Bakery & Grooming,453910,Other Miscellaneous Store Retailers,Pet and Pet Supplies Stores
Woolrich,448140,Clothing Stores,Family Clothing Stores
Work 'N Gear,448190,Clothing Stores,Other Clothing Stores
World Gym,713940,Other Amusement and Recreation Industries,Fitness and Recreational Sports Centers
Wundabar Pilates,713940,Other Amusement and Recreation Industries,Fitness and Recreational Sports Centers
XSport Fitness,713940,Other Amusement and Recreation Industries,Fitness and Recreational Sports Centers
Xi'an Famous Foods,722513,Restaurants and Other Eating Places,Limited-Service Restaurants
Xtend Barre,713940,Other Amusement and Recreation Industries,Fitness and Recreational Sports Centers
Xtramart,447110,Gasoline Stations,Gasoline Stations with Convenience Stores
YWCA,713940,Other Amusement and Recreation Industries,Fitness and Recreational Sports Centers
Yankee Candle,453220,"Office Supplies, Stationery, and Gift Stores","Gift, Novelty, and Souvenir Stores"
Yogurtini,722515,Restaurants and Other Eating Places,Snack and Nonalcoholic Beverage Bars
Zadig & Voltaire,448140,Clothing Stores,Family Clothing Stores
Zales,448310,"Jewelry, Luggage, and Leather Goods Stores",Jewelry Stores
Zara,448140,Clothing Stores,Family Clothing Stores
Zoup!,722511,Restaurants and Other Eating Places,Full-Service Restaurants
Zumiez,451110,"Sporting Goods, Hobby, and Musical Instrument Stores",Sporting Goods Stores
Zurich Cinemas,512131,Motion Picture and Video Industries,Motion Picture Theaters (except Drive-Ins)
[solidcore],713940,Other Amusement and Recreation Industries,Fitness and Recreational Sports Centers
bareMinerals,446120,Health and Personal Care Stores,"Cosmetics, Beauty Supplies, and Perfume Stores"
barre3,713940,Other Amusement and Recreation Industries,Fitness and Recreational Sports Centers
brick house TAVERN + TAP,722410,Drinking Places (Alcoholic Beverages),Drinking Places (Alcoholic Beverages)
gorjana,448310,"Jewelry, Luggage, and Leather Goods Stores",Jewelry Stores
honeygrow,722513,Restaurants and Other Eating Places,Limited-Service Restaurants
iFly Indoor Skydiving,713990,Other Amusement and Recreation Industries,All Other Amusement and Recreation Industries
iFresh Market,445110,Grocery Stores,Supermarkets and Other Grocery (except Convenience) Stores
iLoveKickboxing,713940,Other Amusement and Recreation Industries,Fitness and Recreational Sports Centers
iPic Entertainment,512131,Motion Picture and Video Industries,Motion Picture Theaters (except Drive-Ins)
itsu,722511,Restaurants and Other Eating Places,Full-Service Restaurants
junzi,722513,Restaurants and Other Eating Places,Limited-Service Restaurants
lululemon athletica,448190,Clothing Stores,Other Clothing Stores
maurices,448120,Clothing Stores,Women's Clothing Stores
rue21,448140,Clothing Stores,Family Clothing Stores
sweetgreen,722513,Restaurants and Other Eating Places,Limited-Service Restaurants
vineyard vines,448140,Clothing Stores,Family Clothing Stores
